puesto_id,familia,puesto,alias_busqueda,tipo_perfil,nivel_evaluado,preparacion_estimada_pct,lectura,incorporacion,fundamentos_0a4,tareas_0a4,herramientas_0a4,practica_operativa_0a4,colaboracion_0a4,puntaje_sin_tope_pct,tope_experiencia_pct,materias_ids,materias,aporte_curricular,brechas_prioritarias,por_que_porcentaje,evidencia_practica_a_validar,fuentes_ids,fuentes_web,paginas_programa,certeza,aporte_optativo,mercado,fecha_corte,fuentes_anuncios_ids,base_laboral,materias_transversales_ids,practica_profesionalizante,evaluacion
R062,Calidad y testing,Tester de software trainee,Software Tester Trainee; QA Trainee,Nivel de entrada,Trainee,85,Cercanía alta a entrada supervisada,Postulación inicial razonable si supera prueba práctica; requiere inducción y tutoría,4,4,3,2,3,85.0,100,DSO240;DSO080;DSO180;DSO010;DSO250,Metodología y Testing; Fundamentos de Análisis de Sistemas; Taller de Tecnología Aplicada; Comprensión y Producción de Textos; Programación Orientada a Objetos,"Diseño de pruebas, defectos, requisitos y trabajo integrado cubren tareas de aprendizaje supervisado","Producto, herramienta de seguimiento y ejecución disciplinada en equipo real","Diseño de pruebas, defectos, requisitos y trabajo integrado cubren tareas de aprendizaje supervisado. La valoración de tareas es 4/4 y la de herramientas 3/4 porque resta: Producto, herramienta de seguimiento y ejecución disciplinada en equipo real. Preparación operativa: 2/4; la práctica específica no está acreditada para este perfil.","Diseñar casos, ejecutar pruebas y entregar defectos reproducibles",P2;QA;ISTQB,https://www.onetonline.org/link/summary/15-1253.00 ; https://www.istqb.org/certifications/certified-tester-foundation-level-ctfl-v4-0/,DSO240: 44-45; DSO080: 33-34; DSO180: 29; DSO010: 23-25; DSO250: 46,"Media: programa explícito, desempeño individual no medido",No estimado: faltan programas de optativa/electivo,Internacional general; elegibilidad e idioma se verifican por oferta,2026-09-13,,Marco ocupacional/técnico; sin anuncio específico asociado,DSO020;DSO030;DSO160;DSO170;DSO270,"200 h curriculares, dominio y desempeño no documentados; aporte específico condicionado",Inferencia analítica del programa; no medición de habilidad individual ni probabilidad de empleo
R001,Desarrollo de software,Desarrollador de software trainee,Software Developer Trainee; Graduate Developer,Nivel de entrada,Trainee,85,Cercanía alta a entrada supervisada,Postulación inicial razonable si supera prueba práctica; requiere inducción y tutoría,4,4,3,2,3,85.0,100,DSO130;DSO250;DSO200;DSO240;DSO180;DSO260,Programación Estructurada; Programación Orientada a Objetos; Diseño de Software; Metodología y Testing; Taller de Tecnología Aplicada; Computación en la Nube,"Integra algoritmos Java, objetos, pruebas y proyecto de software con control de versiones","Resolver una prueba real, comprender repositorio y herramientas del empleador, actualizar dependencias","Integra algoritmos Java, objetos, pruebas y proyecto de software con control de versiones. La valoración de tareas es 4/4 y la de herramientas 3/4 porque resta: Resolver una prueba real, comprender repositorio y herramientas del empleador, actualizar dependencias. Preparación operativa: 2/4; la práctica específica no está acreditada para este perfil.","Implementar una funcionalidad pequeña con pruebas, revisión y documentación",P2;DEV;J_JAVA;J_DEV,https://www.onetonline.org/link/summary/15-1252.00 ; https://jobs.smartrecruiters.com/Tipico/744000136171599--junior-java-developer-m-f-x- ; https://jobs.lever.co/steerbridge/718b3135-d15d-4cbc-9541-1cbb8a6f5ec5,DSO130: 45-46; DSO250: 46; DSO200: 35-36; DSO240: 44-45; DSO180: 29; DSO260: 47-48,"Media: programa explícito, desempeño individual no medido",No estimado: faltan programas de optativa/electivo,Internacional general; elegibilidad e idioma se verifican por oferta,2026-09-13,J_JAVA;J_DEV,Marco y anuncio de empleador,DSO010;DSO020;DSO030;DSO160;DSO170;DSO270,"200 h curriculares, dominio y desempeño no documentados; aporte específico condicionado",Inferencia analítica del programa; no medición de habilidad individual ni probabilidad de empleo
R065,Calidad y testing,Automatizador de pruebas Java/JUnit,Junior Test Automation Developer; Java QA Automation,Especialización,Inicial,75,Cercanía alta a entrada supervisada,Postulación inicial razonable si supera prueba práctica; requiere inducción y tutoría,4,3,3,2,3,76.25,100,DSO240;DSO250;DSO120;DSO290,Metodología y Testing; Programación Orientada a Objetos; Base de Datos Relacionales; Programación Web,"Java, JUnit, TDD y regresión coinciden con la base de automatización","Framework de integración/API, datos de prueba, CI y análisis de fallos intermitentes","Java, JUnit, TDD y regresión coinciden con la base de automatización. La valoración de tareas es 3/4 y la de herramientas 3/4 porque resta: Framework de integración/API, datos de prueba, CI y análisis de fallos intermitentes. Preparación operativa: 2/4; la práctica específica no está acreditada para este perfil.",Suite JUnit mantenible que pruebe reglas y acceso a datos,P2;QA;J_AUTO,https://www.onetonline.org/link/summary/15-1253.00 ; https://jobs.smartrecruiters.com/Inetum2/744000142569136-qa-automation-engineer-junior-java-developer?trid=7d1dcdfa-96a8-4e55-bb9c-0db211f5a9b3,DSO240: 44-45; DSO250: 46; DSO120: 38-40; DSO290: 46-47,"Media: programa explícito, desempeño individual no medido",No estimado: faltan programas de optativa/electivo,Internacional general; elegibilidad e idioma se verifican por oferta,2026-09-13,J_AUTO,Marco y anuncio de empleador,DSO010;DSO020;DSO030;DSO160;DSO170;DSO270,"200 h curriculares, dominio y desempeño no documentados; aporte específico condicionado",Inferencia analítica del programa; no medición de habilidad individual ni probabilidad de empleo
R063,Calidad y testing,Tester manual funcional,Manual QA Tester; Functional Tester,Ocupación,Inicial,75,Cercanía alta a entrada supervisada,Postulación inicial razonable si supera prueba práctica; requiere inducción y tutoría,3,4,2,2,3,75.0,100,DSO240;DSO080;DSO290;DSO120;DSO010,Metodología y Testing; Fundamentos de Análisis de Sistemas; Programación Web; Base de Datos Relacionales; Comprensión y Producción de Textos,"Pruebas funcionales, regresión, datos y documentación tienen cobertura directa","Herramientas del equipo, exploración sistemática y conocimiento del producto","Pruebas funcionales, regresión, datos y documentación tienen cobertura directa. La valoración de tareas es 4/4 y la de herramientas 2/4 porque resta: Herramientas del equipo, exploración sistemática y conocimiento del producto. Preparación operativa: 2/4; la práctica específica no está acreditada para este perfil.","Plan de pruebas con evidencias, priorización y reproducción de fallos",P2;QA;ISTQB;J_QA,https://www.onetonline.org/link/summary/15-1253.00 ; https://www.istqb.org/certifications/certified-tester-foundation-level-ctfl-v4-0/ ; https://jobs.smartrecruiters.com/Playtech/744000108231845-junior-qa-engineer-,DSO240: 44-45; DSO080: 33-34; DSO290: 46-47; DSO120: 38-40; DSO010: 23-25,"Media: programa explícito, desempeño individual no medido",No estimado: faltan programas de optativa/electivo,Internacional general; elegibilidad e idioma se verifican por oferta,2026-09-13,J_QA,Marco y anuncio de empleador,DSO020;DSO030;DSO160;DSO170;DSO270,"200 h curriculares, dominio y desempeño no documentados; aporte específico condicionado",Inferencia analítica del programa; no medición de habilidad individual ni probabilidad de empleo
R005,Desarrollo de software,Desarrollador backend Java/Spring,Junior Java Developer; Spring Developer,Especialización,Inicial,75,Cercanía alta a entrada supervisada,Postulación inicial razonable si supera prueba práctica; requiere inducción y tutoría,4,3,3,2,3,76.25,100,DSO250;DSO290;DSO120;DSO240;DSO260,Programación Orientada a Objetos; Programación Web; Base de Datos Relacionales; Metodología y Testing; Computación en la Nube,"Java, Spring, MVC y persistencia están expresamente presentes","Spring Boot actual, configuración, pruebas de integración y operación del servicio","Java, Spring, MVC y persistencia están expresamente presentes. La valoración de tareas es 3/4 y la de herramientas 3/4 porque resta: Spring Boot actual, configuración, pruebas de integración y operación del servicio. Preparación operativa: 2/4; la práctica específica no está acreditada para este perfil.","Servicio Spring con persistencia, pruebas y despliegue reproducible",P2;DEV;J_JAVA;J_JAVA2,https://www.onetonline.org/link/summary/15-1252.00 ; https://jobs.smartrecruiters.com/Tipico/744000136171599--junior-java-developer-m-f-x- ; https://jobs.smartrecruiters.com/SigmaSoftware2/744000108185057-strong-junior-java-developer-,DSO250: 46; DSO290: 46-47; DSO120: 38-40; DSO240: 44-45; DSO260: 47-48,"Media: programa explícito, desempeño individual no medido",No estimado: faltan programas de optativa/electivo,Internacional general; elegibilidad e idioma se verifican por oferta,2026-09-13,J_JAVA;J_JAVA2,Marco y anuncio de empleador,DSO010;DSO020;DSO030;DSO160;DSO170;DSO270,"200 h curriculares, dominio y desempeño no documentados; aporte específico condicionado",Inferencia analítica del programa; no medición de habilidad individual ni probabilidad de empleo
R003,Desarrollo de software,Desarrollador de mantenimiento de aplicaciones Java,Application Maintenance Developer; Java Maintenance Developer,Especialización,Inicial,75,Cercanía alta a entrada supervisada,Postulación inicial razonable si supera prueba práctica; requiere inducción y tutoría,4,3,3,2,3,76.25,100,DSO250;DSO240;DSO120;DSO200;DSO130,Programación Orientada a Objetos; Metodología y Testing; Base de Datos Relacionales; Diseño de Software; Programación Estructurada,"Java, JDBC/Hibernate, capas y regresión permiten intervenir aplicaciones existentes","Comprensión de legado real, dependencias y procesos de liberación del cliente","Java, JDBC/Hibernate, capas y regresión permiten intervenir aplicaciones existentes. La valoración de tareas es 3/4 y la de herramientas 3/4 porque resta: Comprensión de legado real, dependencias y procesos de liberación del cliente. Preparación operativa: 2/4; la práctica específica no está acreditada para este perfil.","Reproducir un bug, corregirlo sin romper contratos y añadir regresión",P2;DEV;J_JAVA,https://www.onetonline.org/link/summary/15-1252.00 ; https://jobs.smartrecruiters.com/Tipico/744000136171599--junior-java-developer-m-f-x-,DSO250: 46; DSO240: 44-45; DSO120: 38-40; DSO200: 35-36; DSO130: 45-46,"Media: programa explícito, desempeño individual no medido",No estimado: faltan programas de optativa/electivo,Internacional general; elegibilidad e idioma se verifican por oferta,2026-09-13,J_JAVA,Marco y anuncio de empleador,DSO010;DSO020;DSO030;DSO160;DSO170;DSO270,"200 h curriculares, dominio y desempeño no documentados; aporte específico condicionado",Inferencia analítica del programa; no medición de habilidad individual ni probabilidad de empleo
R078,Bases de datos y gestión de datos,Desarrollador SQL,Junior SQL Developer; Database Developer,Ocupación,Inicial,70,Base sólida; cerrar brechas concretas,Postulación selectiva a trainee/junior; completar brechas del aviso,3,3,3,2,3,71.25,100,DSO120;DSO110;DSO230;DSO240,Base de Datos Relacionales; Modelo de Datos; Base de Datos Avanzadas; Metodología y Testing,"Consultas, procedimientos, transacciones, índices y modelado tienen cobertura directa","Consultas complejas, planes de ejecución, migraciones y convenciones del motor","Consultas, procedimientos, transacciones, índices y modelado tienen cobertura directa. La valoración de tareas es 3/4 y la de herramientas 3/4 porque resta: Consultas complejas, planes de ejecución, migraciones y convenciones del motor. Preparación operativa: 2/4; la práctica específica no está acreditada para este perfil.",Esquema normalizado con consultas probadas y optimización medida,P2;DBA;DEV,https://www.onetonline.org/link/summary/15-1242.00 ; https://www.onetonline.org/link/summary/15-1252.00,DSO120: 38-40; DSO110: 38; DSO230: 43-44; DSO240: 44-45,"Media: programa explícito, desempeño individual no medido",No estimado: faltan programas de optativa/electivo,Internacional general; elegibilidad e idioma se verifican por oferta,2026-09-13,,Marco ocupacional/técnico; sin anuncio específico asociado,DSO010;DSO020;DSO030;DSO160;DSO170;DSO270,"200 h curriculares, dominio y desempeño no documentados; aporte específico condicionado",Inferencia analítica del programa; no medición de habilidad individual ni probabilidad de empleo
R020,Desarrollo de software,Desarrollador de escritorio Java,Java Desktop Developer; Swing Developer,Especialización,Inicial,70,Base sólida; cerrar brechas concretas,Postulación selectiva a trainee/junior; completar brechas del aviso,3,3,3,2,3,71.25,100,DSO250;DSO120;DSO200;DSO240,Programación Orientada a Objetos; Base de Datos Relacionales; Diseño de Software; Metodología y Testing,"Swing/AWT, eventos, JDBC y diseño de interfaces están en el programa","Empaquetado, actualización, accesibilidad y mantenimiento multiplataforma","Swing/AWT, eventos, JDBC y diseño de interfaces están en el programa. La valoración de tareas es 3/4 y la de herramientas 3/4 porque resta: Empaquetado, actualización, accesibilidad y mantenimiento multiplataforma. Preparación operativa: 2/4; la práctica específica no está acreditada para este perfil.",Aplicación de escritorio con persistencia y pruebas de lógica separada de UI,P2;DEV,https://www.onetonline.org/link/summary/15-1252.00,DSO250: 46; DSO120: 38-40; DSO200: 35-36; DSO240: 44-45,"Media: programa explícito, desempeño individual no medido",No estimado: faltan programas de optativa/electivo,Internacional general; elegibilidad e idioma se verifican por oferta,2026-09-13,,Marco ocupacional/técnico; sin anuncio específico asociado,DSO010;DSO020;DSO030;DSO160;DSO170;DSO270,"200 h curriculares, dominio y desempeño no documentados; aporte específico condicionado",Inferencia analítica del programa; no medición de habilidad individual ni probabilidad de empleo
R002,Desarrollo de software,Desarrollador de software junior generalista,Junior Software Developer; Junior Software Engineer,Ocupación,Inicial,70,Base sólida; cerrar brechas concretas,Postulación selectiva a trainee/junior; completar brechas del aviso,4,3,2,2,3,71.25,100,DSO130;DSO250;DSO200;DSO240;DSO080;DSO180,Programación Estructurada; Programación Orientada a Objetos; Diseño de Software; Metodología y Testing; Fundamentos de Análisis de Sistemas; Taller de Tecnología Aplicada,"Cubre construcción, análisis, depuración, patrones y trabajo de equipo","Stack concreto, lectura de código ajeno, despliegue y diagnóstico operativo","Cubre construcción, análisis, depuración, patrones y trabajo de equipo. La valoración de tareas es 3/4 y la de herramientas 2/4 porque resta: Stack concreto, lectura de código ajeno, despliegue y diagnóstico operativo. Preparación operativa: 2/4; la práctica específica no está acreditada para este perfil.",Corregir un defecto y entregar una mejora revisable en una aplicación existente,P2;DEV;J_JAVA,https://www.onetonline.org/link/summary/15-1252.00 ; https://jobs.smartrecruiters.com/Tipico/744000136171599--junior-java-developer-m-f-x-,DSO130: 45-46; DSO250: 46; DSO200: 35-36; DSO240: 44-45; DSO080: 33-34; DSO180: 29,"Media: programa explícito, desempeño individual no medido",No estimado: faltan programas de optativa/electivo,Internacional general; elegibilidad e idioma se verifican por oferta,2026-09-13,J_JAVA,Marco y anuncio de empleador,DSO010;DSO020;DSO030;DSO160;DSO170;DSO270,"200 h curriculares, dominio y desempeño no documentados; aporte específico condicionado",Inferencia analítica del programa; no medición de habilidad individual ni probabilidad de empleo
R040,Desarrollo móvil,Desarrollador Android SDK/Java,Junior Android Developer; Android Java Developer,Especialización,Inicial,70,Base sólida; cerrar brechas concretas,Postulación selectiva a trainee/junior; completar brechas del aviso,3,3,3,2,3,71.25,100,DSO300;DSO250;DSO200;DSO240;DSO260,Programación de Aplicaciones para Celulares; Programación Orientada a Objetos; Diseño de Software; Metodología y Testing; Computación en la Nube,"SDK Android, actividades, persistencia, eventos y pruebas están desarrollados","APIs vigentes, permisos, arquitectura actual y sustitución de componentes obsoletos","SDK Android, actividades, persistencia, eventos y pruebas están desarrollados. La valoración de tareas es 3/4 y la de herramientas 3/4 porque resta: APIs vigentes, permisos, arquitectura actual y sustitución de componentes obsoletos. Preparación operativa: 2/4; la práctica específica no está acreditada para este perfil.","Aplicación Android con persistencia, pruebas y manejo del ciclo de vida",P2;ANDROID;ASYNC;J_ANDROID,https://developer.android.com/courses/android-basics-compose/course?authuser=0 ; https://developer.android.com/reference/android/os/AsyncTask ; https://ibuqa.io/wp-content/uploads/2024/09/Junior-Android-Developer-JD-2.pdf,DSO300: 47; DSO250: 46; DSO200: 35-36; DSO240: 44-45; DSO260: 47-48,"Media: programa explícito, desempeño individual no medido",No estimado: faltan programas de optativa/electivo,Internacional general; elegibilidad e idioma se verifican por oferta,2026-09-13,J_ANDROID,Marco y anuncio de empleador,DSO010;DSO020;DSO030;DSO160;DSO170;DSO270,"200 h curriculares, dominio y desempeño no documentados; aporte específico condicionado",Inferencia analítica del programa; no medición de habilidad individual ni probabilidad de empleo
R133,Soporte y operación de sistemas,Administrador Linux junior,Junior Linux Administrator; Linux System Administrator,Especialización,Inicial,70,Base sólida; cerrar brechas concretas,Postulación selectiva a trainee/junior; completar brechas del aviso,3,3,3,1,3,67.5,100,DSO210;DSO100;DSO220;DSO260,Sistemas Operativos Aplicados; Introducción a los Sistemas Operativos; Redes y Sistemas Distribuidos; Computación en la Nube,"Linux, shell, usuarios, servicios y tareas programadas tienen cobertura explícita","Hardening, recuperación, automatización y diagnóstico bajo carga real","Linux, shell, usuarios, servicios y tareas programadas tienen cobertura explícita. La valoración de tareas es 3/4 y la de herramientas 3/4 porque resta: Hardening, recuperación, automatización y diagnóstico bajo carga real. Preparación operativa: 1/4; la práctica específica no está acreditada para este perfil.",Administrar servicios y recuperar un sistema de laboratorio sin perder datos,P2;LINUX;SYS,https://www.redhat.com/en/services/training/ex200-red-hat-certified-system-administrator-rhcsa-exam ; https://www.onetonline.org/link/summary/15-1244.00,DSO210: 40-42; DSO100: 37-38; DSO220: 42-43; DSO260: 47-48,"Media: programa explícito, desempeño individual no medido",No estimado: faltan programas de optativa/electivo,Internacional general; elegibilidad e idioma se verifican por oferta,2026-09-13,,Marco ocupacional/técnico; sin anuncio específico asociado,DSO010;DSO020;DSO030;DSO160;DSO170;DSO270,"200 h curriculares, dominio y desempeño no documentados; aporte específico condicionado",Inferencia analítica del programa; no medición de habilidad individual ni probabilidad de empleo
R134,Soporte y operación de sistemas,Administrador Windows Server junior,Junior Windows Administrator,Especialización,Inicial,70,Base sólida; cerrar brechas concretas,Postulación selectiva a trainee/junior; completar brechas del aviso,3,3,3,1,3,67.5,100,DSO210;DSO220;DSO100,Sistemas Operativos Aplicados; Redes y Sistemas Distribuidos; Introducción a los Sistemas Operativos,"Windows Server, AD, GPO, DHCP y acceso remoto tienen cobertura directa","PowerShell avanzado, recuperación de dominio y operación empresarial","Windows Server, AD, GPO, DHCP y acceso remoto tienen cobertura directa. La valoración de tareas es 3/4 y la de herramientas 3/4 porque resta: PowerShell avanzado, recuperación de dominio y operación empresarial. Preparación operativa: 1/4; la práctica específica no está acreditada para este perfil.","Dominio de prueba con grupos, GPO, DNS/DHCP y respaldo validado",P2;SYS;AZURE,https://www.onetonline.org/link/summary/15-1244.00 ; https://learn.microsoft.com/en-us/credentials/certifications/resources/study-guides/az-104,DSO210: 40-42; DSO220: 42-43; DSO100: 37-38,"Media: programa explícito, desempeño individual no medido",No estimado: faltan programas de optativa/electivo,Internacional general; elegibilidad e idioma se verifican por oferta,2026-09-13,,Marco ocupacional/técnico; sin anuncio específico asociado,DSO010;DSO020;DSO030;DSO160;DSO170;DSO270,"200 h curriculares, dominio y desempeño no documentados; aporte específico condicionado",Inferencia analítica del programa; no medición de habilidad individual ni probabilidad de empleo
R090,Analítica e inteligencia de negocio,Analista de datos junior,Junior Data Analyst,Ocupación,Inicial,65,Base sólida; cerrar brechas concretas,Postulación selectiva a trainee/junior; completar brechas del aviso,3,3,2,1,3,62.5,100,DSO190;DSO060;DSO120;DSO230;DSO010,Ciencia de Datos Aplicada; Álgebra y Estadística; Base de Datos Relacionales; Base de Datos Avanzadas; Comprensión y Producción de Textos,"Estadística, SQL, minería y visualización aportan base analítica directa","Excel avanzado o Python/R del puesto, limpieza reproducible y contexto de negocio","Estadística, SQL, minería y visualización aportan base analítica directa. La valoración de tareas es 3/4 y la de herramientas 2/4 porque resta: Excel avanzado o Python/R del puesto, limpieza reproducible y contexto de negocio. Preparación operativa: 1/4; la práctica específica no está acreditada para este perfil.","Análisis reproducible con SQL, métricas y conclusiones justificadas",P2;DS;BI;J_DATA,https://www.onetonline.org/link/summary/15-2051.00 ; https://www.onetonline.org/link/summary/15-2051.01 ; https://jobs.smartrecruiters.com/REPAGROUP/744000137445029-junior-data-analyst-data-operations-specialist-m-f-d-?trid=7d1dcdfa-96a8-4e55-bb9c-0db211f5a9b3,DSO190: 34-35; DSO060: 32-33; DSO120: 38-40; DSO230: 43-44; DSO010: 23-25,"Media: programa explícito, desempeño individual no medido",No estimado: faltan programas de optativa/electivo,Internacional general; elegibilidad e idioma se verifican por oferta,2026-09-13,J_DATA,Marco y anuncio de empleador,DSO020;DSO030;DSO160;DSO170;DSO270,"200 h curriculares, dominio y desempeño no documentados; aporte específico condicionado",Inferencia analítica del programa; no medición de habilidad individual ni probabilidad de empleo
R099,Analítica e inteligencia de negocio,Analista de operaciones de datos,Data Operations Analyst,Ocupación,Inicial,65,Base sólida; cerrar brechas concretas,Postulación selectiva a trainee/junior; completar brechas del aviso,3,3,2,1,3,62.5,100,DSO120;DSO190;DSO230;DSO240;DSO210,Base de Datos Relacionales; Ciencia de Datos Aplicada; Base de Datos Avanzadas; Metodología y Testing; Sistemas Operativos Aplicados,"Consultas, controles de calidad y sistemas permiten ejecutar procesos de datos","Excel/herramientas concretas, runbooks, seguimiento y escalado de fallos","Consultas, controles de calidad y sistemas permiten ejecutar procesos de datos. La valoración de tareas es 3/4 y la de herramientas 2/4 porque resta: Excel/herramientas concretas, runbooks, seguimiento y escalado de fallos. Preparación operativa: 1/4; la práctica específica no está acreditada para este perfil.",Proceso documentado de actualización con controles y registro de incidentes,P2;DE;J_DATA,https://cloud.google.com/learn/certification/data-engineer ; https://jobs.smartrecruiters.com/REPAGROUP/744000137445029-junior-data-analyst-data-operations-specialist-m-f-d-?trid=7d1dcdfa-96a8-4e55-bb9c-0db211f5a9b3,DSO120: 38-40; DSO190: 34-35; DSO230: 43-44; DSO240: 44-45; DSO210: 40-42,"Media: programa explícito, desempeño individual no medido",No estimado: faltan programas de optativa/electivo,Internacional general; elegibilidad e idioma se verifican por oferta,2026-09-13,J_DATA,Marco y anuncio de empleador,DSO010;DSO020;DSO030;DSO160;DSO170;DSO270,"200 h curriculares, dominio y desempeño no documentados; aporte específico condicionado",Inferencia analítica del programa; no medición de habilidad individual ni probabilidad de empleo
R091,Analítica e inteligencia de negocio,Analista de reporting,Reporting Analyst; Reporting Specialist,Ocupación,Inicial,65,Base sólida; cerrar brechas concretas,Postulación selectiva a trainee/junior; completar brechas del aviso,3,3,2,1,3,62.5,100,DSO120;DSO230;DSO190;DSO010,Base de Datos Relacionales; Base de Datos Avanzadas; Ciencia de Datos Aplicada; Comprensión y Producción de Textos,"Consultas, BI y comunicación permiten elaborar reportes","Herramienta de reportes elegida, conciliación y definición de indicadores","Consultas, BI y comunicación permiten elaborar reportes. La valoración de tareas es 3/4 y la de herramientas 2/4 porque resta: Herramienta de reportes elegida, conciliación y definición de indicadores. Preparación operativa: 1/4; la práctica específica no está acreditada para este perfil.","Reporte con fuente, fecha, reglas y validación de totales",P2;BI;J_DATA,https://www.onetonline.org/link/summary/15-2051.01 ; https://jobs.smartrecruiters.com/REPAGROUP/744000137445029-junior-data-analyst-data-operations-specialist-m-f-d-?trid=7d1dcdfa-96a8-4e55-bb9c-0db211f5a9b3,DSO120: 38-40; DSO230: 43-44; DSO190: 34-35; DSO010: 23-25,"Media: programa explícito, desempeño individual no medido",No estimado: faltan programas de optativa/electivo,Internacional general; elegibilidad e idioma se verifican por oferta,2026-09-13,J_DATA,Marco y anuncio de empleador,DSO020;DSO030;DSO160;DSO170;DSO270,"200 h curriculares, dominio y desempeño no documentados; aporte específico condicionado",Inferencia analítica del programa; no medición de habilidad individual ni probabilidad de empleo
R092,Analítica e inteligencia de negocio,Analista/desarrollador de BI,BI Analyst; BI Developer,Ocupación,Inicial,65,Base sólida; cerrar brechas concretas,Postulación selectiva a trainee/junior; completar brechas del aviso,3,3,2,1,3,62.5,100,DSO230;DSO190;DSO110;DSO120;DSO080,Base de Datos Avanzadas; Ciencia de Datos Aplicada; Modelo de Datos; Base de Datos Relacionales; Fundamentos de Análisis de Sistemas,"Almacenes, OLAP, SQL y necesidades del negocio tienen cobertura","ETL productivo, plataforma específica, seguridad y mantenimiento de modelos","Almacenes, OLAP, SQL y necesidades del negocio tienen cobertura. La valoración de tareas es 3/4 y la de herramientas 2/4 porque resta: ETL productivo, plataforma específica, seguridad y mantenimiento de modelos. Preparación operativa: 1/4; la práctica específica no está acreditada para este perfil.",Modelo dimensional y panel validado con métricas trazables,P2;BI;PBI,https://www.onetonline.org/link/summary/15-2051.01 ; https://learn.microsoft.com/en-us/credentials/certifications/resources/study-guides/pl-300,DSO230: 43-44; DSO190: 34-35; DSO110: 38; DSO120: 38-40; DSO080: 33-34,"Media: programa explícito, desempeño individual no medido",No estimado: faltan programas de optativa/electivo,Internacional general; elegibilidad e idioma se verifican por oferta,2026-09-13,,Marco ocupacional/técnico; sin anuncio específico asociado,DSO010;DSO020;DSO030;DSO160;DSO170;DSO270,"200 h curriculares, dominio y desempeño no documentados; aporte específico condicionado",Inferencia analítica del programa; no medición de habilidad individual ni probabilidad de empleo
R096,Analítica e inteligencia de negocio,Desarrollador de informes Jasper/Pentaho,JasperReports Developer; Pentaho BI Developer,Especialización,Inicial,65,Base sólida; cerrar brechas concretas,Postulación selectiva a trainee/junior; completar brechas del aviso,3,3,2,1,3,62.5,100,DSO230;DSO120;DSO250;DSO190,Base de Datos Avanzadas; Base de Datos Relacionales; Programación Orientada a Objetos; Ciencia de Datos Aplicada,JasperSoft y Pentaho están enumerados entre herramientas posibles de BI,"No se sabe cuál se practicó; profundizar la elegida, despliegue y rendimiento","JasperSoft y Pentaho están enumerados entre herramientas posibles de BI. La valoración de tareas es 3/4 y la de herramientas 2/4 porque resta: No se sabe cuál se practicó; profundizar la elegida, despliegue y rendimiento. Preparación operativa: 1/4; la práctica específica no está acreditada para este perfil.",Informe parametrizado o flujo BI con consultas y validación,P2;BI,https://www.onetonline.org/link/summary/15-2051.01,DSO230: 43-44; DSO120: 38-40; DSO250: 46; DSO190: 34-35,"Media: programa explícito, desempeño individual no medido",No estimado: faltan programas de optativa/electivo,Internacional general; elegibilidad e idioma se verifican por oferta,2026-09-13,,Marco ocupacional/técnico; sin anuncio específico asociado,DSO010;DSO020;DSO030;DSO160;DSO170;DSO270,"200 h curriculares, dominio y desempeño no documentados; aporte específico condicionado",Inferencia analítica del programa; no medición de habilidad individual ni probabilidad de empleo
R187,"Análisis, producto, diseño y relación con clientes",Analista funcional junior,Junior Functional Analyst; Systems Analyst,Ocupación,Inicial,65,Base sólida; cerrar brechas concretas,Postulación selectiva a trainee/junior; completar brechas del aviso,3,3,2,2,3,66.25,100,DSO080;DSO040;DSO110;DSO240;DSO010;DSO180,Fundamentos de Análisis de Sistemas; Taller de Tecnología; Modelo de Datos; Metodología y Testing; Comprensión y Producción de Textos; Taller de Tecnología Aplicada,"Requisitos, UML, modelos y validación tienen cobertura directa","Procesos del cliente, herramientas de documentación y gestión de cambios reales","Requisitos, UML, modelos y validación tienen cobertura directa. La valoración de tareas es 3/4 y la de herramientas 2/4 porque resta: Procesos del cliente, herramientas de documentación y gestión de cambios reales. Preparación operativa: 2/4; la práctica específica no está acreditada para este perfil.","Especificación con casos, modelos y criterios de aceptación validados",P2;BA;IIBA,https://www.onetonline.org/link/summary/15-1211.00 ; https://www.iiba.org/knowledgehub/the-business-analysis-standard/,DSO080: 33-34; DSO040: 28-29; DSO110: 38; DSO240: 44-45; DSO010: 23-25; DSO180: 29,"Media: programa explícito, desempeño individual no medido",No estimado: faltan programas de optativa/electivo,Internacional general; elegibilidad e idioma se verifican por oferta,2026-09-13,,Marco ocupacional/técnico; sin anuncio específico asociado,DSO020;DSO030;DSO160;DSO170;DSO270,"200 h curriculares, dominio y desempeño no documentados; aporte específico condicionado",Inferencia analítica del programa; no medición de habilidad individual ni probabilidad de empleo
R189,"Análisis, producto, diseño y relación con clientes",Ingeniero de requisitos,Requirements Engineer,Especialización,Inicial,65,Base sólida; cerrar brechas concretas,Postulación selectiva a trainee/junior; completar brechas del aviso,3,3,2,1,3,62.5,100,DSO080;DSO040;DSO240;DSO010,Fundamentos de Análisis de Sistemas; Taller de Tecnología; Metodología y Testing; Comprensión y Producción de Textos,"Entrevistas, especificación y pruebas permiten derivar requisitos verificables","Trazabilidad integral, negociación, requisitos no funcionales y gestión de cambios","Entrevistas, especificación y pruebas permiten derivar requisitos verificables. La valoración de tareas es 3/4 y la de herramientas 2/4 porque resta: Trazabilidad integral, negociación, requisitos no funcionales y gestión de cambios. Preparación operativa: 1/4; la práctica específica no está acreditada para este perfil.","Conjunto de requisitos consistentes, verificables y priorizados",P2;BA;IIBA,https://www.onetonline.org/link/summary/15-1211.00 ; https://www.iiba.org/knowledgehub/the-business-analysis-standard/,DSO080: 33-34; DSO040: 28-29; DSO240: 44-45; DSO010: 23-25,"Media: programa explícito, desempeño individual no medido",No estimado: faltan programas de optativa/electivo,Internacional general; elegibilidad e idioma se verifican por oferta,2026-09-13,,Marco ocupacional/técnico; sin anuncio específico asociado,DSO020;DSO030;DSO160;DSO170;DSO270,"200 h curriculares, dominio y desempeño no documentados; aporte específico condicionado",Inferencia analítica del programa; no medición de habilidad individual ni probabilidad de empleo
R079,Bases de datos y gestión de datos,Administrador junior de bases relacionales,Junior DBA; Database Administrator,Ocupación,Inicial,65,Base sólida; cerrar brechas concretas,Postulación selectiva a trainee/junior; completar brechas del aviso,3,3,2,1,3,62.5,100,DSO120;DSO210;DSO110;DSO220,Base de Datos Relacionales; Sistemas Operativos Aplicados; Modelo de Datos; Redes y Sistemas Distribuidos,"Respaldo, permisos, transacciones y administración de motores aportan base","Recuperación probada, replicación, monitoreo y cambios seguros en producción","Respaldo, permisos, transacciones y administración de motores aportan base. La valoración de tareas es 3/4 y la de herramientas 2/4 porque resta: Recuperación probada, replicación, monitoreo y cambios seguros en producción. Preparación operativa: 1/4; la práctica específica no está acreditada para este perfil.",Restaurar una base desde respaldo y resolver un incidente de rendimiento,P2;DBA;SYS,https://www.onetonline.org/link/summary/15-1242.00 ; https://www.onetonline.org/link/summary/15-1244.00,DSO120: 38-40; DSO210: 40-42; DSO110: 38; DSO220: 42-43,"Media: programa explícito, desempeño individual no medido",No estimado: faltan programas de optativa/electivo,Internacional general; elegibilidad e idioma se verifican por oferta,2026-09-13,,Marco ocupacional/técnico; sin anuncio específico asociado,DSO010;DSO020;DSO030;DSO160;DSO170;DSO270,"200 h curriculares, dominio y desempeño no documentados; aporte específico condicionado",Inferencia analítica del programa; no medición de habilidad individual ni probabilidad de empleo
R087,Bases de datos y gestión de datos,Analista de calidad de datos,Data Quality Analyst,Ocupación,Inicial,65,Base sólida; cerrar brechas concretas,Postulación selectiva a trainee/junior; completar brechas del aviso,3,3,2,1,3,62.5,100,DSO120;DSO190;DSO060;DSO240;DSO110,Base de Datos Relacionales; Ciencia de Datos Aplicada; Álgebra y Estadística; Metodología y Testing; Modelo de Datos,"SQL, estadística y pruebas permiten detectar inconsistencias","Reglas del negocio, profiling, monitoreo y tratamiento de causas","SQL, estadística y pruebas permiten detectar inconsistencias. La valoración de tareas es 3/4 y la de herramientas 2/4 porque resta: Reglas del negocio, profiling, monitoreo y tratamiento de causas. Preparación operativa: 1/4; la práctica específica no está acreditada para este perfil.",Informe de calidad con reglas ejecutables y seguimiento de correcciones,P2;BI;DE;J_DATA,https://www.onetonline.org/link/summary/15-2051.01 ; https://cloud.google.com/learn/certification/data-engineer ; https://jobs.smartrecruiters.com/REPAGROUP/744000137445029-junior-data-analyst-data-operations-specialist-m-f-d-?trid=7d1dcdfa-96a8-4e55-bb9c-0db211f5a9b3,DSO120: 38-40; DSO190: 34-35; DSO060: 32-33; DSO240: 44-45; DSO110: 38,"Media: programa explícito, desempeño individual no medido",No estimado: faltan programas de optativa/electivo,Internacional general; elegibilidad e idioma se verifican por oferta,2026-09-13,J_DATA,Marco y anuncio de empleador,DSO010;DSO020;DSO030;DSO160;DSO170;DSO270,"200 h curriculares, dominio y desempeño no documentados; aporte específico condicionado",Inferencia analítica del programa; no medición de habilidad individual ni probabilidad de empleo
R085,Bases de datos y gestión de datos,Modelador de datos,Data Modeler,Ocupación,Inicial,65,Base sólida; cerrar brechas concretas,Postulación selectiva a trainee/junior; completar brechas del aviso,3,3,2,1,3,62.5,100,DSO110;DSO120;DSO230;DSO080,Modelo de Datos; Base de Datos Relacionales; Base de Datos Avanzadas; Fundamentos de Análisis de Sistemas,"Modelado lógico/físico, normalización y dimensiones tienen cobertura","Convenciones empresariales, historización, modelado por dominios y gobierno","Modelado lógico/físico, normalización y dimensiones tienen cobertura. La valoración de tareas es 3/4 y la de herramientas 2/4 porque resta: Convenciones empresariales, historización, modelado por dominios y gobierno. Preparación operativa: 1/4; la práctica específica no está acreditada para este perfil.",Modelo validado contra requisitos con decisiones y migraciones documentadas,P2;DBA;BA,https://www.onetonline.org/link/summary/15-1242.00 ; https://www.onetonline.org/link/summary/15-1211.00,DSO110: 38; DSO120: 38-40; DSO230: 43-44; DSO080: 33-34,"Media: programa explícito, desempeño individual no medido",No estimado: faltan programas de optativa/electivo,Internacional general; elegibilidad e idioma se verifican por oferta,2026-09-13,,Marco ocupacional/técnico; sin anuncio específico asociado,DSO010;DSO020;DSO030;DSO160;DSO170;DSO270,"200 h curriculares, dominio y desempeño no documentados; aporte específico condicionado",Inferencia analítica del programa; no medición de habilidad individual ni probabilidad de empleo
R064,Calidad y testing,Analista de pruebas,Test Analyst; QA Analyst,Ocupación,Inicial,65,Base sólida; cerrar brechas concretas,Postulación selectiva a trainee/junior; completar brechas del aviso,3,3,2,2,3,66.25,100,DSO240;DSO080;DSO040;DSO010,Metodología y Testing; Fundamentos de Análisis de Sistemas; Taller de Tecnología; Comprensión y Producción de Textos,"Análisis de requisitos, técnicas de diseño y reportes permiten planificar pruebas","Trazabilidad real, priorización por riesgo y negociación de criterios de aceptación","Análisis de requisitos, técnicas de diseño y reportes permiten planificar pruebas. La valoración de tareas es 3/4 y la de herramientas 2/4 porque resta: Trazabilidad real, priorización por riesgo y negociación de criterios de aceptación. Preparación operativa: 2/4; la práctica específica no está acreditada para este perfil.",Matriz requisitos-pruebas con riesgos y decisiones de cobertura,P2;QA;ISTQB,https://www.onetonline.org/link/summary/15-1253.00 ; https://www.istqb.org/certifications/certified-tester-foundation-level-ctfl-v4-0/,DSO240: 44-45; DSO080: 33-34; DSO040: 28-29; DSO010: 23-25,"Media: programa explícito, desempeño individual no medido",No estimado: faltan programas de optativa/electivo,Internacional general; elegibilidad e idioma se verifican por oferta,2026-09-13,,Marco ocupacional/técnico; sin anuncio específico asociado,DSO020;DSO030;DSO160;DSO170;DSO270,"200 h curriculares, dominio y desempeño no documentados; aporte específico condicionado",Inferencia analítica del programa; no medición de habilidad individual ni probabilidad de empleo
R069,Calidad y testing,Tester de datos y ETL,ETL Tester; Data QA Analyst,Especialización,Inicial,65,Base sólida; cerrar brechas concretas,Postulación selectiva a trainee/junior; completar brechas del aviso,3,3,2,1,3,62.5,100,DSO240;DSO120;DSO110;DSO230;DSO190,Metodología y Testing; Base de Datos Relacionales; Modelo de Datos; Base de Datos Avanzadas; Ciencia de Datos Aplicada,"SQL, modelos y validación ayudan a verificar transformaciones y calidad","Pipelines concretos, reconciliación masiva, automatización y linaje","SQL, modelos y validación ayudan a verificar transformaciones y calidad. La valoración de tareas es 3/4 y la de herramientas 2/4 porque resta: Pipelines concretos, reconciliación masiva, automatización y linaje. Preparación operativa: 1/4; la práctica específica no está acreditada para este perfil.",Comparar origen/destino con reglas de completitud y consistencia,P2;QA;DE,https://www.onetonline.org/link/summary/15-1253.00 ; https://cloud.google.com/learn/certification/data-engineer,DSO240: 44-45; DSO120: 38-40; DSO110: 38; DSO230: 43-44; DSO190: 34-35,"Media: programa explícito, desempeño individual no medido",No estimado: faltan programas de optativa/electivo,Internacional general; elegibilidad e idioma se verifican por oferta,2026-09-13,,Marco ocupacional/técnico; sin anuncio específico asociado,DSO010;DSO020;DSO030;DSO160;DSO170;DSO270,"200 h curriculares, dominio y desempeño no documentados; aporte específico condicionado",Inferencia analítica del programa; no medición de habilidad individual ni probabilidad de empleo
R068,Calidad y testing,Tester manual móvil,Mobile QA Tester,Especialización,Inicial,65,Base sólida; cerrar brechas concretas,Postulación selectiva a trainee/junior; completar brechas del aviso,3,3,2,2,3,66.25,100,DSO300;DSO240;DSO210;DSO200,Programación de Aplicaciones para Celulares; Metodología y Testing; Sistemas Operativos Aplicados; Diseño de Software,"Android, dispositivos/emuladores y verificación de apps tienen cobertura","Matriz de dispositivos, interrupciones, permisos actuales y diferencias iOS","Android, dispositivos/emuladores y verificación de apps tienen cobertura. La valoración de tareas es 3/4 y la de herramientas 2/4 porque resta: Matriz de dispositivos, interrupciones, permisos actuales y diferencias iOS. Preparación operativa: 2/4; la práctica específica no está acreditada para este perfil.","Pruebas móviles con conectividad variable, rotación e interrupciones",P2;QA;ANDROID;J_QA,https://www.onetonline.org/link/summary/15-1253.00 ; https://developer.android.com/courses/android-basics-compose/course?authuser=0 ; https://jobs.smartrecruiters.com/Playtech/744000108231845-junior-qa-engineer-,DSO300: 47; DSO240: 44-45; DSO210: 40-42; DSO200: 35-36,"Media: programa explícito, desempeño individual no medido",No estimado: faltan programas de optativa/electivo,Internacional general; elegibilidad e idioma se verifican por oferta,2026-09-13,J_QA,Marco y anuncio de empleador,DSO010;DSO020;DSO030;DSO160;DSO170;DSO270,"200 h curriculares, dominio y desempeño no documentados; aporte específico condicionado",Inferencia analítica del programa; no medición de habilidad individual ni probabilidad de empleo
R011,Desarrollo de software,Desarrollador Ruby on Rails,Ruby Developer; Rails Developer,Especialización,Inicial,65,Base sólida; cerrar brechas concretas,Postulación selectiva a trainee/junior; completar brechas del aviso,3,3,2,1,3,62.5,100,DSO290;DSO250;DSO120;DSO240,Programación Web; Programación Orientada a Objetos; Base de Datos Relacionales; Metodología y Testing,Ruby y Rails aparecen junto con frameworks web y patrones,"Profundidad idiomática, versión vigente, pruebas Rails y operación de un proyecto real","Ruby y Rails aparecen junto con frameworks web y patrones. La valoración de tareas es 3/4 y la de herramientas 2/4 porque resta: Profundidad idiomática, versión vigente, pruebas Rails y operación de un proyecto real. Preparación operativa: 1/4; la práctica específica no está acreditada para este perfil.","CRUD Rails con autorizaciones, consultas eficientes y pruebas",P2;DEV;J_AUS,https://www.onetonline.org/link/summary/15-1252.00 ; https://cohortgo.com/pdf/Graduate_Software_Engineer_Position_Description.pdf,DSO290: 46-47; DSO250: 46; DSO120: 38-40; DSO240: 44-45,"Media: programa explícito, desempeño individual no medido",No estimado: faltan programas de optativa/electivo,Internacional general; elegibilidad e idioma se verifican por oferta,2026-09-13,J_AUS,Marco y anuncio de empleador,DSO010;DSO020;DSO030;DSO160;DSO170;DSO270,"200 h curriculares, dominio y desempeño no documentados; aporte específico condicionado",Inferencia analítica del programa; no medición de habilidad individual ni probabilidad de empleo
R004,Desarrollo de software,Desarrollador backend de APIs,Junior Backend Developer; API Developer,Ocupación,Inicial,65,Base sólida; cerrar brechas concretas,Postulación selectiva a trainee/junior; completar brechas del aviso,3,3,2,2,3,66.25,100,DSO250;DSO290;DSO120;DSO220;DSO260;DSO240,Programación Orientada a Objetos; Programación Web; Base de Datos Relacionales; Redes y Sistemas Distribuidos; Computación en la Nube; Metodología y Testing,"Servidor web, JSON, persistencia y seguridad aportan base para servicios","Diseño REST detallado, autenticación moderna, observabilidad y contratos de API","Servidor web, JSON, persistencia y seguridad aportan base para servicios. La valoración de tareas es 3/4 y la de herramientas 2/4 porque resta: Diseño REST detallado, autenticación moderna, observabilidad y contratos de API. Preparación operativa: 2/4; la práctica específica no está acreditada para este perfil.","API autenticada con validación, SQL, pruebas y manejo de errores",P2;DEV;J_AUTO,https://www.onetonline.org/link/summary/15-1252.00 ; https://jobs.smartrecruiters.com/Inetum2/744000142569136-qa-automation-engineer-junior-java-developer?trid=7d1dcdfa-96a8-4e55-bb9c-0db211f5a9b3,DSO250: 46; DSO290: 46-47; DSO120: 38-40; DSO220: 42-43; DSO260: 47-48; DSO240: 44-45,"Media: programa explícito, desempeño individual no medido",No estimado: faltan programas de optativa/electivo,Internacional general; elegibilidad e idioma se verifican por oferta,2026-09-13,J_AUTO,Marco y anuncio de empleador,DSO010;DSO020;DSO030;DSO160;DSO170;DSO270,"200 h curriculares, dominio y desempeño no documentados; aporte específico condicionado",Inferencia analítica del programa; no medición de habilidad individual ni probabilidad de empleo
R019,Desarrollo de software,Desarrollador de herramientas internas,Internal Tools Developer; Business Applications Developer,Especialización,Inicial,65,Base sólida; cerrar brechas concretas,Postulación selectiva a trainee/junior; completar brechas del aviso,3,3,2,2,3,66.25,100,DSO080;DSO250;DSO290;DSO120;DSO180,Fundamentos de Análisis de Sistemas; Programación Orientada a Objetos; Programación Web; Base de Datos Relacionales; Taller de Tecnología Aplicada,"Requisitos, interfaces y bases de datos permiten automatizar trabajo interno","Permisos del negocio, integraciones y mantenimiento con usuarios reales","Requisitos, interfaces y bases de datos permiten automatizar trabajo interno. La valoración de tareas es 3/4 y la de herramientas 2/4 porque resta: Permisos del negocio, integraciones y mantenimiento con usuarios reales. Preparación operativa: 2/4; la práctica específica no está acreditada para este perfil.","Herramienta interna con roles, auditoría y validación de usuarios",P2;DEV;BA,https://www.onetonline.org/link/summary/15-1252.00 ; https://www.onetonline.org/link/summary/15-1211.00,DSO080: 33-34; DSO250: 46; DSO290: 46-47; DSO120: 38-40; DSO180: 29,"Media: programa explícito, desempeño individual no medido",No estimado: faltan programas de optativa/electivo,Internacional general; elegibilidad e idioma se verifican por oferta,2026-09-13,,Marco ocupacional/técnico; sin anuncio específico asociado,DSO010;DSO020;DSO030;DSO160;DSO170;DSO270,"200 h curriculares, dominio y desempeño no documentados; aporte específico condicionado",Inferencia analítica del programa; no medición de habilidad individual ni probabilidad de empleo
R017,Desarrollo de software,Desarrollador de integraciones entre sistemas,Integration Developer; Application Integration Engineer,Ocupación,Inicial,65,Base sólida; cerrar brechas concretas,Postulación selectiva a trainee/junior; completar brechas del aviso,3,3,2,1,3,62.5,100,DSO290;DSO120;DSO230;DSO220;DSO080,Programación Web; Base de Datos Relacionales; Base de Datos Avanzadas; Redes y Sistemas Distribuidos; Fundamentos de Análisis de Sistemas,"JSON, redes, modelos de datos y análisis permiten integrar servicios sencillos","Contratos, reintentos, idempotencia, colas y conectores empresariales","JSON, redes, modelos de datos y análisis permiten integrar servicios sencillos. La valoración de tareas es 3/4 y la de herramientas 2/4 porque resta: Contratos, reintentos, idempotencia, colas y conectores empresariales. Preparación operativa: 1/4; la práctica específica no está acreditada para este perfil.","Sincronizar dos sistemas con reintentos, trazabilidad y reconciliación",P2;DEV;BA,https://www.onetonline.org/link/summary/15-1252.00 ; https://www.onetonline.org/link/summary/15-1211.00,DSO290: 46-47; DSO120: 38-40; DSO230: 43-44; DSO220: 42-43; DSO080: 33-34,"Media: programa explícito, desempeño individual no medido",No estimado: faltan programas de optativa/electivo,Internacional general; elegibilidad e idioma se verifican por oferta,2026-09-13,,Marco ocupacional/técnico; sin anuncio específico asociado,DSO010;DSO020;DSO030;DSO160;DSO170;DSO270,"200 h curriculares, dominio y desempeño no documentados; aporte específico condicionado",Inferencia analítica del programa; no medición de habilidad individual ni probabilidad de empleo
R027,Front-end y experiencia web,Desarrollador Angular,Angular Developer,Especialización,Inicial,65,Base sólida; cerrar brechas concretas,Postulación selectiva a trainee/junior; completar brechas del aviso,3,3,2,2,3,66.25,100,DSO290;DSO200;DSO240;DSO250,Programación Web; Diseño de Software; Metodología y Testing; Programación Orientada a Objetos,"Angular está nombrado y hay base de componentes, eventos y arquitectura web","Versión y profundidad no documentadas, TypeScript, estado, formularios y testing actual","Angular está nombrado y hay base de componentes, eventos y arquitectura web. La valoración de tareas es 3/4 y la de herramientas 2/4 porque resta: Versión y profundidad no documentadas, TypeScript, estado, formularios y testing actual. Preparación operativa: 2/4; la práctica específica no está acreditada para este perfil.","Aplicación Angular vigente con navegación, formularios y pruebas",P2;MDN;DEV,https://developer.mozilla.org/en-US/curriculum/core/ ; https://www.onetonline.org/link/summary/15-1252.00,DSO290: 46-47; DSO200: 35-36; DSO240: 44-45; DSO250: 46,"Media: programa explícito, desempeño individual no medido",No estimado: faltan programas de optativa/electivo,Internacional general; elegibilidad e idioma se verifican por oferta,2026-09-13,,Marco ocupacional/técnico; sin anuncio específico asociado,DSO010;DSO020;DSO030;DSO160;DSO170;DSO270,"200 h curriculares, dominio y desempeño no documentados; aporte específico condicionado",Inferencia analítica del programa; no medición de habilidad individual ni probabilidad de empleo
R026,Front-end y experiencia web,Desarrollador front-end generalista,Junior Front-end Developer,Ocupación,Inicial,65,Base sólida; cerrar brechas concretas,Postulación selectiva a trainee/junior; completar brechas del aviso,3,3,2,2,3,66.25,100,DSO290;DSO200;DSO240;DSO180,Programación Web; Diseño de Software; Metodología y Testing; Taller de Tecnología Aplicada,"JavaScript, frameworks cliente, interfaces y comunicación con backend cubren parte central","Profundidad HTML/CSS, accesibilidad, pruebas de navegador y herramientas actuales","JavaScript, frameworks cliente, interfaces y comunicación con backend cubren parte central. La valoración de tareas es 3/4 y la de herramientas 2/4 porque resta: Profundidad HTML/CSS, accesibilidad, pruebas de navegador y herramientas actuales. Preparación operativa: 2/4; la práctica específica no está acreditada para este perfil.",Interfaz adaptable y accesible que consuma una API y controle errores,P2;MDN;UX,https://developer.mozilla.org/en-US/curriculum/core/ ; https://www.onetonline.org/link/summary/15-1255.00,DSO290: 46-47; DSO200: 35-36; DSO240: 44-45; DSO180: 29,"Media: programa explícito, desempeño individual no medido",No estimado: faltan programas de optativa/electivo,Internacional general; elegibilidad e idioma se verifican por oferta,2026-09-13,,Marco ocupacional/técnico; sin anuncio específico asociado,DSO010;DSO020;DSO030;DSO160;DSO170;DSO270,"200 h curriculares, dominio y desempeño no documentados; aporte específico condicionado",Inferencia analítica del programa; no medición de habilidad individual ni probabilidad de empleo
R030,Front-end y experiencia web,Desarrollador full-stack Java y Angular,Full-stack Java Angular Developer,Especialización,Inicial,65,Base sólida; cerrar brechas concretas,Postulación selectiva a trainee/junior; completar brechas del aviso,3,3,2,2,3,66.25,100,DSO250;DSO290;DSO120;DSO260;DSO240,Programación Orientada a Objetos; Programación Web; Base de Datos Relacionales; Computación en la Nube; Metodología y Testing,"El plan combina Spring, Java, Angular, SQL y despliegue académico","Integración del stack vigente, seguridad integral, CI y diagnóstico entre capas","El plan combina Spring, Java, Angular, SQL y despliegue académico. La valoración de tareas es 3/4 y la de herramientas 2/4 porque resta: Integración del stack vigente, seguridad integral, CI y diagnóstico entre capas. Preparación operativa: 2/4; la práctica específica no está acreditada para este perfil.",Producto pequeño de punta a punta con pruebas y despliegue reproducible,P2;DEV;MDN;J_JAVA,https://www.onetonline.org/link/summary/15-1252.00 ; https://developer.mozilla.org/en-US/curriculum/core/ ; https://jobs.smartrecruiters.com/Tipico/744000136171599--junior-java-developer-m-f-x-,DSO250: 46; DSO290: 46-47; DSO120: 38-40; DSO260: 47-48; DSO240: 44-45,"Media: programa explícito, desempeño individual no medido",No estimado: faltan programas de optativa/electivo,Internacional general; elegibilidad e idioma se verifican por oferta,2026-09-13,J_JAVA,Marco y anuncio de empleador,DSO010;DSO020;DSO030;DSO160;DSO170;DSO270,"200 h curriculares, dominio y desempeño no documentados; aporte específico condicionado",Inferencia analítica del programa; no medición de habilidad individual ni probabilidad de empleo
R032,Front-end y experiencia web,Desarrollador web de sitios y contenido,Website Developer; Web Developer,Ocupación,Inicial,65,Base sólida; cerrar brechas concretas,Postulación selectiva a trainee/junior; completar brechas del aviso,3,3,2,2,3,66.25,100,DSO290;DSO200;DSO080;DSO260,Programación Web; Diseño de Software; Fundamentos de Análisis de Sistemas; Computación en la Nube,"Páginas dinámicas, requisitos y despliegue cubren construcción web básica","Maquetación detallada, accesibilidad, SEO técnico y administración del hosting","Páginas dinámicas, requisitos y despliegue cubren construcción web básica. La valoración de tareas es 3/4 y la de herramientas 2/4 porque resta: Maquetación detallada, accesibilidad, SEO técnico y administración del hosting. Preparación operativa: 2/4; la práctica específica no está acreditada para este perfil.",Sitio adaptable publicado con formularios seguros y rendimiento comprobado,P2;MDN;UX,https://developer.mozilla.org/en-US/curriculum/core/ ; https://www.onetonline.org/link/summary/15-1255.00,DSO290: 46-47; DSO200: 35-36; DSO080: 33-34; DSO260: 47-48,"Media: programa explícito, desempeño individual no medido",No estimado: faltan programas de optativa/electivo,Internacional general; elegibilidad e idioma se verifican por oferta,2026-09-13,,Marco ocupacional/técnico; sin anuncio específico asociado,DSO010;DSO020;DSO030;DSO160;DSO170;DSO270,"200 h curriculares, dominio y desempeño no documentados; aporte específico condicionado",Inferencia analítica del programa; no medición de habilidad individual ni probabilidad de empleo
R061,Plataformas empresariales y automatización,Ingeniero de automatización de procesos con scripts,Automation Engineer; Scripting Developer,Ocupación,Inicial,65,Base sólida; cerrar brechas concretas,Postulación selectiva a trainee/junior; completar brechas del aviso,3,3,2,1,3,62.5,100,DSO130;DSO210;DSO120;DSO260;DSO240,Programación Estructurada; Sistemas Operativos Aplicados; Base de Datos Relacionales; Computación en la Nube; Metodología y Testing,"Shell, algoritmos, datos y pruebas cubren automatizaciones sencillas","Lenguaje elegido, credenciales, planificación, alertas e idempotencia en entorno real","Shell, algoritmos, datos y pruebas cubren automatizaciones sencillas. La valoración de tareas es 3/4 y la de herramientas 2/4 porque resta: Lenguaje elegido, credenciales, planificación, alertas e idempotencia en entorno real. Preparación operativa: 1/4; la práctica específica no está acreditada para este perfil.","Script repetible con logs, pruebas y recuperación ante fallo parcial",P2;DEV;LINUX;RPA,https://www.onetonline.org/link/summary/15-1252.00 ; https://www.redhat.com/en/services/training/ex200-red-hat-certified-system-administrator-rhcsa-exam ; https://academy.uipath.com/learning-plans/automation-developer-associate-training-v202310,DSO130: 45-46; DSO210: 40-42; DSO120: 38-40; DSO260: 47-48; DSO240: 44-45,"Media: programa explícito, desempeño individual no medido",No estimado: faltan programas de optativa/electivo,Internacional general; elegibilidad e idioma se verifican por oferta,2026-09-13,,Marco ocupacional/técnico; sin anuncio específico asociado,DSO010;DSO020;DSO030;DSO160;DSO170;DSO270,"200 h curriculares, dominio y desempeño no documentados; aporte específico condicionado",Inferencia analítica del programa; no medición de habilidad individual ni probabilidad de empleo
R142,"Redes, cloud y DevOps",Técnico de redes,Network Technician; Network Support Technician,Ocupación,Inicial,65,Base sólida; cerrar brechas concretas,Postulación selectiva a trainee/junior; completar brechas del aviso,3,3,2,1,3,62.5,100,DSO220;DSO210;DSO090,Redes y Sistemas Distribuidos; Sistemas Operativos Aplicados; Arquitectura de Hardware Computacional,"TCP/IP, topologías, DNS y diagnóstico cubren fundamentos de redes","Configuración física/lógica real, switches, VLAN y herramientas del fabricante","TCP/IP, topologías, DNS y diagnóstico cubren fundamentos de redes. La valoración de tareas es 3/4 y la de herramientas 2/4 porque resta: Configuración física/lógica real, switches, VLAN y herramientas del fabricante. Preparación operativa: 1/4; la práctica específica no está acreditada para este perfil.",Red de laboratorio con segmentación y resolución documentada de fallos,P2;NET;SYS,https://www.cisco.com/site/us/en/learn/training-certifications/exams/ccna.html ; https://www.onetonline.org/link/summary/15-1244.00,DSO220: 42-43; DSO210: 40-42; DSO090: 36-37,"Media: programa explícito, desempeño individual no medido",No estimado: faltan programas de optativa/electivo,Internacional general; elegibilidad e idioma se verifican por oferta,2026-09-13,,Marco ocupacional/técnico; sin anuncio específico asociado,DSO010;DSO020;DSO030;DSO160;DSO170;DSO270,"200 h curriculares, dominio y desempeño no documentados; aporte específico condicionado",Inferencia analítica del programa; no medición de habilidad individual ni probabilidad de empleo
R135,Soporte y operación de sistemas,Administrador de identidades Windows/AD,Active Directory Administrator,Especialización,Inicial,65,Base sólida; cerrar brechas concretas,Postulación selectiva a trainee/junior; completar brechas del aviso,3,3,2,1,3,62.5,100,DSO210;DSO220;DSO260,Sistemas Operativos Aplicados; Redes y Sistemas Distribuidos; Computación en la Nube,"Dominios, grupos, políticas y Kerberos proporcionan base relevante","Diseño de bosques, replicación, delegación segura e identidad híbrida","Dominios, grupos, políticas y Kerberos proporcionan base relevante. La valoración de tareas es 3/4 y la de herramientas 2/4 porque resta: Diseño de bosques, replicación, delegación segura e identidad híbrida. Preparación operativa: 1/4; la práctica específica no está acreditada para este perfil.",Implementar permisos mínimos y verificar políticas en un dominio de laboratorio,P2;SYS;AZURE,https://www.onetonline.org/link/summary/15-1244.00 ; https://learn.microsoft.com/en-us/credentials/certifications/resources/study-guides/az-104,DSO210: 40-42; DSO220: 42-43; DSO260: 47-48,"Media: programa explícito, desempeño individual no medido",No estimado: faltan programas de optativa/electivo,Internacional general; elegibilidad e idioma se verifican por oferta,2026-09-13,,Marco ocupacional/técnico; sin anuncio específico asociado,DSO010;DSO020;DSO030;DSO160;DSO170;DSO270,"200 h curriculares, dominio y desempeño no documentados; aporte específico condicionado",Inferencia analítica del programa; no medición de habilidad individual ni probabilidad de empleo
R132,Soporte y operación de sistemas,Analista NOC,NOC Analyst; Network Operations Technician,Ocupación,Inicial,65,Base sólida; cerrar brechas concretas,Postulación selectiva a trainee/junior; completar brechas del aviso,3,3,2,1,3,62.5,100,DSO220;DSO210;DSO100;DSO010,Redes y Sistemas Distribuidos; Sistemas Operativos Aplicados; Introducción a los Sistemas Operativos; Comprensión y Producción de Textos,"Redes, servicios y diagnóstico aportan base para monitoreo de primer nivel","Plataforma de monitoreo, interpretación de alertas y procedimientos de escalado","Redes, servicios y diagnóstico aportan base para monitoreo de primer nivel. La valoración de tareas es 3/4 y la de herramientas 2/4 porque resta: Plataforma de monitoreo, interpretación de alertas y procedimientos de escalado. Preparación operativa: 1/4; la práctica específica no está acreditada para este perfil.",Investigar alertas de disponibilidad y documentar alcance e impacto,P2;NET;SRE,https://www.cisco.com/site/us/en/learn/training-certifications/exams/ccna.html ; https://sre.google/sre-book/monitoring-distributed-systems/,DSO220: 42-43; DSO210: 40-42; DSO100: 37-38; DSO010: 23-25,"Media: programa explícito, desempeño individual no medido",No estimado: faltan programas de optativa/electivo,Internacional general; elegibilidad e idioma se verifican por oferta,2026-09-13,,Marco ocupacional/técnico; sin anuncio específico asociado,DSO020;DSO030;DSO160;DSO170;DSO270,"200 h curriculares, dominio y desempeño no documentados; aporte específico condicionado",Inferencia analítica del programa; no medición de habilidad individual ni probabilidad de empleo
R127,Soporte y operación de sistemas,Analista de soporte de aplicaciones,Application Support Analyst; Software Support Analyst,Ocupación,Inicial,65,Base sólida; cerrar brechas concretas,Postulación selectiva a trainee/junior; completar brechas del aviso,3,3,2,2,3,66.25,100,DSO250;DSO120;DSO210;DSO240;DSO080,Programación Orientada a Objetos; Base de Datos Relacionales; Sistemas Operativos Aplicados; Metodología y Testing; Fundamentos de Análisis de Sistemas,"Comprende código, datos, sistemas y reproducción de defectos","Aplicación concreta, logs operativos, herramientas de tickets y escalado","Comprende código, datos, sistemas y reproducción de defectos. La valoración de tareas es 3/4 y la de herramientas 2/4 porque resta: Aplicación concreta, logs operativos, herramientas de tickets y escalado. Preparación operativa: 2/4; la práctica específica no está acreditada para este perfil.",Investigar un fallo de aplicación con consultas y evidencia reproducible,P2;SUP;DEV,https://www.onetonline.org/link/summary/15-1232.00 ; https://www.onetonline.org/link/summary/15-1252.00,DSO250: 46; DSO120: 38-40; DSO210: 40-42; DSO240: 44-45; DSO080: 33-34,"Media: programa explícito, desempeño individual no medido",No estimado: faltan programas de optativa/electivo,Internacional general; elegibilidad e idioma se verifican por oferta,2026-09-13,,Marco ocupacional/técnico; sin anuncio específico asociado,DSO010;DSO020;DSO030;DSO160;DSO170;DSO270,"200 h curriculares, dominio y desempeño no documentados; aporte específico condicionado",Inferencia analítica del programa; no medición de habilidad individual ni probabilidad de empleo
R131,Soporte y operación de sistemas,Operador de sistemas,Computer Operator; IT Operations Operator,Ocupación,Inicial,65,Base sólida; cerrar brechas concretas,Postulación selectiva a trainee/junior; completar brechas del aviso,3,3,2,1,3,62.5,100,DSO210;DSO100;DSO120;DSO220,Sistemas Operativos Aplicados; Introducción a los Sistemas Operativos; Base de Datos Relacionales; Redes y Sistemas Distribuidos,"Servicios, tareas programadas, respaldos y sistemas permiten operación guiada","Runbooks, herramientas de monitoreo, turnos y escalado de incidentes","Servicios, tareas programadas, respaldos y sistemas permiten operación guiada. La valoración de tareas es 3/4 y la de herramientas 2/4 porque resta: Runbooks, herramientas de monitoreo, turnos y escalado de incidentes. Preparación operativa: 1/4; la práctica específica no está acreditada para este perfil.",Ejecutar tareas programadas y responder a una alerta según procedimiento,P2;SYS;SRE,https://www.onetonline.org/link/summary/15-1244.00 ; https://sre.google/sre-book/monitoring-distributed-systems/,DSO210: 40-42; DSO100: 37-38; DSO120: 38-40; DSO220: 42-43,"Media: programa explícito, desempeño individual no medido",No estimado: faltan programas de optativa/electivo,Internacional general; elegibilidad e idioma se verifican por oferta,2026-09-13,,Marco ocupacional/técnico; sin anuncio específico asociado,DSO010;DSO020;DSO030;DSO160;DSO170;DSO270,"200 h curriculares, dominio y desempeño no documentados; aporte específico condicionado",Inferencia analítica del programa; no medición de habilidad individual ni probabilidad de empleo
R124,Soporte y operación de sistemas,Técnico de mesa de ayuda nivel 1,Help Desk Technician; Service Desk Analyst L1,Ocupación,Inicial,65,Base sólida; cerrar brechas concretas,Postulación selectiva a trainee/junior; completar brechas del aviso,3,3,2,2,3,66.25,100,DSO210;DSO100;DSO090;DSO220;DSO010;DSO270,Sistemas Operativos Aplicados; Introducción a los Sistemas Operativos; Arquitectura de Hardware Computacional; Redes y Sistemas Distribuidos; Comprensión y Producción de Textos; Técnicas Laborales para el Desarrollo de Software,"Sistemas, usuarios, redes y comunicación cubren resolución inicial y escalado","Sistema de tickets, catálogo, acuerdos de servicio y herramientas del cliente","Sistemas, usuarios, redes y comunicación cubren resolución inicial y escalado. La valoración de tareas es 3/4 y la de herramientas 2/4 porque resta: Sistema de tickets, catálogo, acuerdos de servicio y herramientas del cliente. Preparación operativa: 2/4; la práctica específica no está acreditada para este perfil.",Resolver casos de usuario y documentar diagnóstico y escalado,P2;SUP;SYS,https://www.onetonline.org/link/summary/15-1232.00 ; https://www.onetonline.org/link/summary/15-1244.00,DSO210: 40-42; DSO100: 37-38; DSO090: 36-37; DSO220: 42-43; DSO010: 23-25; DSO270: 29-30,"Media: programa explícito, desempeño individual no medido",No estimado: faltan programas de optativa/electivo,Internacional general; elegibilidad e idioma se verifican por oferta,2026-09-13,,Marco ocupacional/técnico; sin anuncio específico asociado,DSO020;DSO030;DSO160;DSO170,"200 h curriculares, dominio y desempeño no documentados; aporte específico condicionado",Inferencia analítica del programa; no medición de habilidad individual ni probabilidad de empleo
R126,Soporte y operación de sistemas,Técnico de soporte de campo,Field Support Technician; Field Service IT Technician,Especialización,Inicial,65,Base sólida; cerrar brechas concretas,Postulación selectiva a trainee/junior; completar brechas del aviso,3,3,2,1,3,62.5,100,DSO090;DSO210;DSO220;DSO270,Arquitectura de Hardware Computacional; Sistemas Operativos Aplicados; Redes y Sistemas Distribuidos; Técnicas Laborales para el Desarrollo de Software,"Hardware, redes y diagnóstico de sistemas son relevantes","Reparación física práctica, instalaciones, inventario y trato presencial con clientes","Hardware, redes y diagnóstico de sistemas son relevantes. La valoración de tareas es 3/4 y la de herramientas 2/4 porque resta: Reparación física práctica, instalaciones, inventario y trato presencial con clientes. Preparación operativa: 1/4; la práctica específica no está acreditada para este perfil.",Diagnosticar y reemplazar un componente siguiendo procedimientos del fabricante,P2;SUP;HW,https://www.onetonline.org/link/summary/15-1232.00 ; https://www.onetonline.org/link/summary/17-2061.00,DSO090: 36-37; DSO210: 40-42; DSO220: 42-43; DSO270: 29-30,"Media: programa explícito, desempeño individual no medido",No estimado: faltan programas de optativa/electivo,Internacional general; elegibilidad e idioma se verifican por oferta,2026-09-13,,Marco ocupacional/técnico; sin anuncio específico asociado,DSO010;DSO020;DSO030;DSO160;DSO170,"200 h curriculares, dominio y desempeño no documentados; aporte específico condicionado",Inferencia analítica del programa; no medición de habilidad individual ni probabilidad de empleo
R125,Soporte y operación de sistemas,Técnico de soporte de escritorio,Desktop Support Technician; IT Support Technician,Ocupación,Inicial,65,Base sólida; cerrar brechas concretas,Postulación selectiva a trainee/junior; completar brechas del aviso,3,3,2,2,3,66.25,100,DSO210;DSO090;DSO100;DSO220,Sistemas Operativos Aplicados; Arquitectura de Hardware Computacional; Introducción a los Sistemas Operativos; Redes y Sistemas Distribuidos,"Windows/Linux, hardware y conectividad aportan base técnica directa","Parque real, despliegue de equipos, inventario y soporte de aplicaciones corporativas","Windows/Linux, hardware y conectividad aportan base técnica directa. La valoración de tareas es 3/4 y la de herramientas 2/4 porque resta: Parque real, despliegue de equipos, inventario y soporte de aplicaciones corporativas. Preparación operativa: 2/4; la práctica específica no está acreditada para este perfil.","Preparar un equipo, resolver permisos y diagnosticar conectividad",P2;SUP;SYS,https://www.onetonline.org/link/summary/15-1232.00 ; https://www.onetonline.org/link/summary/15-1244.00,DSO210: 40-42; DSO090: 36-37; DSO100: 37-38; DSO220: 42-43,"Media: programa explícito, desempeño individual no medido",No estimado: faltan programas de optativa/electivo,Internacional general; elegibilidad e idioma se verifican por oferta,2026-09-13,,Marco ocupacional/técnico; sin anuncio específico asociado,DSO010;DSO020;DSO030;DSO160;DSO170;DSO270,"200 h curriculares, dominio y desempeño no documentados; aporte específico condicionado",Inferencia analítica del programa; no medición de habilidad individual ni probabilidad de empleo
R066,Calidad y testing,Automatizador de pruebas de API,API Test Automation Engineer,Especialización,Inicial,60,Base sólida; cerrar brechas concretas,Postulación selectiva a trainee/junior; completar brechas del aviso,3,3,1,1,3,57.5,100,DSO240;DSO290;DSO250;DSO120;DSO260,Metodología y Testing; Programación Web; Programación Orientada a Objetos; Base de Datos Relacionales; Computación en la Nube,"JSON, cliente-servidor, Java y testing permiten probar servicios","REST Assured/Postman u otra herramienta, contratos, autenticación y CI","JSON, cliente-servidor, Java y testing permiten probar servicios. La valoración de tareas es 3/4 y la de herramientas 1/4 porque resta: REST Assured/Postman u otra herramienta, contratos, autenticación y CI. Preparación operativa: 1/4; la práctica específica no está acreditada para este perfil.","Pruebas API de casos válidos, errores y permisos con datos controlados",P2;QA;J_AUTO,https://www.onetonline.org/link/summary/15-1253.00 ; https://jobs.smartrecruiters.com/Inetum2/744000142569136-qa-automation-engineer-junior-java-developer?trid=7d1dcdfa-96a8-4e55-bb9c-0db211f5a9b3,DSO240: 44-45; DSO290: 46-47; DSO250: 46; DSO120: 38-40; DSO260: 47-48,"Media: programa explícito, desempeño individual no medido",No estimado: faltan programas de optativa/electivo,Internacional general; elegibilidad e idioma se verifican por oferta,2026-09-13,J_AUTO,Marco y anuncio de empleador,DSO010;DSO020;DSO030;DSO160;DSO170;DSO270,"200 h curriculares, dominio y desempeño no documentados; aporte específico condicionado",Inferencia analítica del programa; no medición de habilidad individual ni probabilidad de empleo
R103,Ingeniería de datos e inteligencia artificial,Desarrollador ETL/ELT,ETL Developer; ELT Developer,Especialización,Inicial,60,Base sólida; cerrar brechas concretas,Postulación selectiva a trainee/junior; completar brechas del aviso,3,3,1,1,3,57.5,100,DSO120;DSO230;DSO110;DSO240,Base de Datos Relacionales; Base de Datos Avanzadas; Modelo de Datos; Metodología y Testing,"Modelado, SQL y herramientas BI ayudan a transformar datos","Herramienta ETL elegida, orquestación, cargas incrementales y operación","Modelado, SQL y herramientas BI ayudan a transformar datos. La valoración de tareas es 3/4 y la de herramientas 1/4 porque resta: Herramienta ETL elegida, orquestación, cargas incrementales y operación. Preparación operativa: 1/4; la práctica específica no está acreditada para este perfil.",Carga de almacén con historización y reconciliación,P2;DE;BI,https://cloud.google.com/learn/certification/data-engineer ; https://www.onetonline.org/link/summary/15-2051.01,DSO120: 38-40; DSO230: 43-44; DSO110: 38; DSO240: 44-45,"Media: programa explícito, desempeño individual no medido",No estimado: faltan programas de optativa/electivo,Internacional general; elegibilidad e idioma se verifican por oferta,2026-09-13,,Marco ocupacional/técnico; sin anuncio específico asociado,DSO010;DSO020;DSO030;DSO160;DSO170;DSO270,"200 h curriculares, dominio y desempeño no documentados; aporte específico condicionado",Inferencia analítica del programa; no medición de habilidad individual ni probabilidad de empleo
R128,Soporte y operación de sistemas,Ingeniero de soporte técnico de APIs,API Support Engineer; Developer Support Engineer,Especialización,Inicial,60,Base sólida; cerrar brechas concretas,Postulación selectiva a trainee/junior; completar brechas del aviso,3,3,2,1,2,60.0,100,DSO290;DSO250;DSO120;DSO220;DSO010,Programación Web; Programación Orientada a Objetos; Base de Datos Relacionales; Redes y Sistemas Distribuidos; Comprensión y Producción de Textos,"JSON, servidor, datos y documentación permiten orientar integraciones","Producto, autenticación, SDK, diagnóstico de solicitudes e inglés de soporte","JSON, servidor, datos y documentación permiten orientar integraciones. La valoración de tareas es 3/4 y la de herramientas 2/4 porque resta: Producto, autenticación, SDK, diagnóstico de solicitudes e inglés de soporte. Preparación operativa: 1/4; la práctica específica no está acreditada para este perfil.",Reproducir una integración fallida y redactar una solución verificable,P2;SUP;DEV;J_AUTO,https://www.onetonline.org/link/summary/15-1232.00 ; https://www.onetonline.org/link/summary/15-1252.00 ; https://jobs.smartrecruiters.com/Inetum2/744000142569136-qa-automation-engineer-junior-java-developer?trid=7d1dcdfa-96a8-4e55-bb9c-0db211f5a9b3,DSO290: 46-47; DSO250: 46; DSO120: 38-40; DSO220: 42-43; DSO010: 23-25,"Media: programa explícito, desempeño individual no medido",No estimado: faltan programas de optativa/electivo,Internacional general; elegibilidad e idioma se verifican por oferta,2026-09-13,J_AUTO,Marco y anuncio de empleador,DSO020;DSO030;DSO160;DSO170;DSO270,"200 h curriculares, dominio y desempeño no documentados; aporte específico condicionado",Inferencia analítica del programa; no medición de habilidad individual ni probabilidad de empleo
R188,"Análisis, producto, diseño y relación con clientes",Business analyst IT junior,Junior IT Business Analyst; Technical Business Analyst,Ocupación,Inicial,55,Base parcial; especialización necesaria,Orientación posible tras especialización y proyecto verificable,3,3,1,1,2,55.0,100,DSO080;DSO040;DSO140;DSO110;DSO270,Fundamentos de Análisis de Sistemas; Taller de Tecnología; Emprendedurismo; Modelo de Datos; Técnicas Laborales para el Desarrollo de Software,"Relevamiento, factibilidad y organización aportan base para análisis","Dominio del negocio, métricas de valor, stakeholders y comunicación internacional","Relevamiento, factibilidad y organización aportan base para análisis. La valoración de tareas es 3/4 y la de herramientas 1/4 porque resta: Dominio del negocio, métricas de valor, stakeholders y comunicación internacional. Preparación operativa: 1/4; la práctica específica no está acreditada para este perfil.",Diagnóstico de necesidad y alternativas con requisitos trazables,P2;IIBA;BA;J_BA,https://www.iiba.org/knowledgehub/the-business-analysis-standard/ ; https://www.onetonline.org/link/summary/15-1211.00 ; https://jobs.lever.co/vo2-group/4a1ba40c-9aee-40c5-b0f8-9940734b895e,DSO080: 33-34; DSO040: 28-29; DSO140: 49-50; DSO110: 38; DSO270: 29-30,"Media: programa explícito, desempeño individual no medido",No estimado: faltan programas de optativa/electivo,Internacional general; elegibilidad e idioma se verifican por oferta,2026-09-13,J_BA,Marco y anuncio de empleador,DSO010;DSO020;DSO030;DSO160;DSO170,"200 h curriculares, dominio y desempeño no documentados; aporte específico condicionado",Inferencia analítica del programa; no medición de habilidad individual ni probabilidad de empleo
R191,"Análisis, producto, diseño y relación con clientes",Coordinador de proyectos IT,IT Project Coordinator; PMO Assistant,Ocupación,Inicial,55,Base parcial; especialización necesaria,Orientación posible tras especialización y proyecto verificable,3,3,1,1,2,55.0,100,DSO040;DSO240;DSO270;DSO010;DSO140,Taller de Tecnología; Metodología y Testing; Técnicas Laborales para el Desarrollo de Software; Comprensión y Producción de Textos; Emprendedurismo,"Planificación, metodologías y comunicación aportan base de coordinación","Herramientas PMO, seguimiento financiero, dependencias y reportes reales","Planificación, metodologías y comunicación aportan base de coordinación. La valoración de tareas es 3/4 y la de herramientas 1/4 porque resta: Herramientas PMO, seguimiento financiero, dependencias y reportes reales. Preparación operativa: 1/4; la práctica específica no está acreditada para este perfil.","Cronograma con riesgos, acuerdos y seguimiento de compromisos",P2;PM;SFIA,https://www.onetonline.org/link/summary/15-1299.09 ; https://sfia-online.org/en/the-sfia-framework,DSO040: 28-29; DSO240: 44-45; DSO270: 29-30; DSO010: 23-25; DSO140: 49-50,"Media: programa explícito, desempeño individual no medido",No estimado: faltan programas de optativa/electivo,Internacional general; elegibilidad e idioma se verifican por oferta,2026-09-13,,Marco ocupacional/técnico; sin anuncio específico asociado,DSO020;DSO030;DSO160;DSO170,"200 h curriculares, dominio y desempeño no documentados; aporte específico condicionado",Inferencia analítica del programa; no medición de habilidad individual ni probabilidad de empleo
R201,"Análisis, producto, diseño y relación con clientes",Redactor técnico de software,Technical Writer; API Documentation Writer,Ocupación,Inicial,55,Base parcial; especialización necesaria,Orientación posible tras especialización y proyecto verificable,3,3,1,1,2,55.0,100,DSO010;DSO250;DSO290;DSO080;DSO170,Comprensión y Producción de Textos; Programación Orientada a Objetos; Programación Web; Fundamentos de Análisis de Sistemas; Comunicación en Idioma Inglés,Documentación técnica y comprensión de software permiten explicar productos,"Docs-as-code, herramientas editoriales, documentación de APIs e inglés profesional","Documentación técnica y comprensión de software permiten explicar productos. La valoración de tareas es 3/4 y la de herramientas 1/4 porque resta: Docs-as-code, herramientas editoriales, documentación de APIs e inglés profesional. Preparación operativa: 1/4; la práctica específica no está acreditada para este perfil.",Guía reproducible de API con ejemplos probados y revisión editorial,P2;WRITE;DEV,https://www.onetonline.org/link/summary/27-3042.00 ; https://www.onetonline.org/link/summary/15-1252.00,DSO010: 23-25; DSO250: 46; DSO290: 46-47; DSO080: 33-34; DSO170: 26,"Media: programa explícito, desempeño individual no medido",No estimado: faltan programas de optativa/electivo,Internacional general; elegibilidad e idioma se verifican por oferta,2026-09-13,,Marco ocupacional/técnico; sin anuncio específico asociado,DSO020;DSO030;DSO160;DSO270,"200 h curriculares, dominio y desempeño no documentados; aporte específico condicionado",Inferencia analítica del programa; no medición de habilidad individual ni probabilidad de empleo
R084,Bases de datos y gestión de datos,Administrador MongoDB/NoSQL,MongoDB Administrator; NoSQL DBA,Especialización,Inicial,55,Base parcial; especialización necesaria,Orientación posible tras especialización y proyecto verificable,3,2,2,1,3,53.75,100,DSO230;DSO210;DSO220;DSO110,Base de Datos Avanzadas; Sistemas Operativos Aplicados; Redes y Sistemas Distribuidos; Modelo de Datos,MongoDB y modelos no relacionales están en el programa,"Replicación, particionado, índices y recuperación de clústeres","MongoDB y modelos no relacionales están en el programa. La valoración de tareas es 2/4 y la de herramientas 2/4 porque resta: Replicación, particionado, índices y recuperación de clústeres. Preparación operativa: 1/4; la práctica específica no está acreditada para este perfil.","Clúster de prueba con réplica, índices y recuperación ante caída",P2;DBA;DE,https://www.onetonline.org/link/summary/15-1242.00 ; https://cloud.google.com/learn/certification/data-engineer,DSO230: 43-44; DSO210: 40-42; DSO220: 42-43; DSO110: 38,"Media: programa explícito, desempeño individual no medido",No estimado: faltan programas de optativa/electivo,Internacional general; elegibilidad e idioma se verifican por oferta,2026-09-13,,Marco ocupacional/técnico; sin anuncio específico asociado,DSO010;DSO020;DSO030;DSO160;DSO170;DSO270,"200 h curriculares, dominio y desempeño no documentados; aporte específico condicionado",Inferencia analítica del programa; no medición de habilidad individual ni probabilidad de empleo
R081,Bases de datos y gestión de datos,Administrador MySQL/MariaDB,MySQL DBA; MariaDB DBA,Especialización,Inicial,55,Base parcial; especialización necesaria,Orientación posible tras especialización y proyecto verificable,3,2,2,1,3,53.75,100,DSO120;DSO210;DSO220,Base de Datos Relacionales; Sistemas Operativos Aplicados; Redes y Sistemas Distribuidos,"Motores mencionados y fundamentos de respaldo, índices y permisos","Replicación, motores de almacenamiento, recuperación y rendimiento específicos","Motores mencionados y fundamentos de respaldo, índices y permisos. La valoración de tareas es 2/4 y la de herramientas 2/4 porque resta: Replicación, motores de almacenamiento, recuperación y rendimiento específicos. Preparación operativa: 1/4; la práctica específica no está acreditada para este perfil.",Restauración y réplica de laboratorio con pruebas de consistencia,P2;DBA,https://www.onetonline.org/link/summary/15-1242.00,DSO120: 38-40; DSO210: 40-42; DSO220: 42-43,"Media: programa explícito, desempeño individual no medido",No estimado: faltan programas de optativa/electivo,Internacional general; elegibilidad e idioma se verifican por oferta,2026-09-13,,Marco ocupacional/técnico; sin anuncio específico asociado,DSO010;DSO020;DSO030;DSO160;DSO170;DSO270,"200 h curriculares, dominio y desempeño no documentados; aporte específico condicionado",Inferencia analítica del programa; no medición de habilidad individual ni probabilidad de empleo
R080,Bases de datos y gestión de datos,Administrador PostgreSQL,PostgreSQL DBA,Especialización,Inicial,55,Base parcial; especialización necesaria,Orientación posible tras especialización y proyecto verificable,3,2,2,1,3,53.75,100,DSO120;DSO210;DSO220;DSO110,Base de Datos Relacionales; Sistemas Operativos Aplicados; Redes y Sistemas Distribuidos; Modelo de Datos,PostgreSQL está nombrado junto con administración relacional,"Vacuum, WAL, replicación, extensiones y diagnóstico específico del motor","PostgreSQL está nombrado junto con administración relacional. La valoración de tareas es 2/4 y la de herramientas 2/4 porque resta: Vacuum, WAL, replicación, extensiones y diagnóstico específico del motor. Preparación operativa: 1/4; la práctica específica no está acreditada para este perfil.","Configurar réplica, recuperar a un punto temporal y medir consultas",P2;DBA,https://www.onetonline.org/link/summary/15-1242.00,DSO120: 38-40; DSO210: 40-42; DSO220: 42-43; DSO110: 38,"Media: programa explícito, desempeño individual no medido",No estimado: faltan programas de optativa/electivo,Internacional general; elegibilidad e idioma se verifican por oferta,2026-09-13,,Marco ocupacional/técnico; sin anuncio específico asociado,DSO010;DSO020;DSO030;DSO160;DSO170;DSO270,"200 h curriculares, dominio y desempeño no documentados; aporte específico condicionado",Inferencia analítica del programa; no medición de habilidad individual ni probabilidad de empleo
R086,Bases de datos y gestión de datos,Ingeniero de migración de datos,Data Migration Engineer,Especialización,Inicial,55,Base parcial; especialización necesaria,Orientación posible tras especialización y proyecto verificable,3,2,2,1,3,53.75,100,DSO120;DSO230;DSO110;DSO240,Base de Datos Relacionales; Base de Datos Avanzadas; Modelo de Datos; Metodología y Testing,"SQL, múltiples modelos y pruebas ayudan a transformar y verificar datos","Mapeos complejos, ejecución incremental, rollback y reconciliación operativa","SQL, múltiples modelos y pruebas ayudan a transformar y verificar datos. La valoración de tareas es 2/4 y la de herramientas 2/4 porque resta: Mapeos complejos, ejecución incremental, rollback y reconciliación operativa. Preparación operativa: 1/4; la práctica específica no está acreditada para este perfil.","Migrar datos con conteos, reglas de integridad y plan de reversión",P2;DE;DBA,https://cloud.google.com/learn/certification/data-engineer ; https://www.onetonline.org/link/summary/15-1242.00,DSO120: 38-40; DSO230: 43-44; DSO110: 38; DSO240: 44-45,"Media: programa explícito, desempeño individual no medido",No estimado: faltan programas de optativa/electivo,Internacional general; elegibilidad e idioma se verifican por oferta,2026-09-13,,Marco ocupacional/técnico; sin anuncio específico asociado,DSO010;DSO020;DSO030;DSO160;DSO170;DSO270,"200 h curriculares, dominio y desempeño no documentados; aporte específico condicionado",Inferencia analítica del programa; no medición de habilidad individual ni probabilidad de empleo
R075,Calidad y testing,Ingeniero de desarrollo de software en pruebas,SDET; Software Development Engineer in Test,Ocupación,Inicial,55,Base parcial; especialización necesaria,Orientación posible tras especialización y proyecto verificable,3,2,2,1,3,53.75,100,DSO240;DSO250;DSO200;DSO260;DSO290,Metodología y Testing; Programación Orientada a Objetos; Diseño de Software; Computación en la Nube; Programación Web,Programación sólida y pruebas aportan una base relevante,"Arquitectura de frameworks, CI distribuida, entornos y mantenimiento de suites a escala","Programación sólida y pruebas aportan una base relevante. La valoración de tareas es 2/4 y la de herramientas 2/4 porque resta: Arquitectura de frameworks, CI distribuida, entornos y mantenimiento de suites a escala. Preparación operativa: 1/4; la práctica específica no está acreditada para este perfil.",Framework de pruebas con ejecución automatizada y diagnóstico de fallos,P2;QA;DEV;J_AUTO,https://www.onetonline.org/link/summary/15-1253.00 ; https://www.onetonline.org/link/summary/15-1252.00 ; https://jobs.smartrecruiters.com/Inetum2/744000142569136-qa-automation-engineer-junior-java-developer?trid=7d1dcdfa-96a8-4e55-bb9c-0db211f5a9b3,DSO240: 44-45; DSO250: 46; DSO200: 35-36; DSO260: 47-48; DSO290: 46-47,"Media: programa explícito, desempeño individual no medido",No estimado: faltan programas de optativa/electivo,Internacional general; elegibilidad e idioma se verifican por oferta,2026-09-13,J_AUTO,Marco y anuncio de empleador,DSO010;DSO020;DSO030;DSO160;DSO170;DSO270,"200 h curriculares, dominio y desempeño no documentados; aporte específico condicionado",Inferencia analítica del programa; no medición de habilidad individual ni probabilidad de empleo
R023,Desarrollo de software,Desarrollador de SDKs y bibliotecas,SDK Developer; Library Engineer,Especialización,Inicial,55,Base parcial; especialización necesaria,Orientación posible tras especialización y proyecto verificable,3,2,2,1,3,53.75,100,DSO250;DSO200;DSO240;DSO010,Programación Orientada a Objetos; Diseño de Software; Metodología y Testing; Comprensión y Producción de Textos,"Interfaces, patrones, reutilización y pruebas aportan base para librerías","Compatibilidad, versionado semántico, diseño público y publicación de paquetes","Interfaces, patrones, reutilización y pruebas aportan base para librerías. La valoración de tareas es 2/4 y la de herramientas 2/4 porque resta: Compatibilidad, versionado semántico, diseño público y publicación de paquetes. Preparación operativa: 1/4; la práctica específica no está acreditada para este perfil.","Biblioteca documentada con pruebas, versiones y ejemplo de consumo",P2;DEV,https://www.onetonline.org/link/summary/15-1252.00,DSO250: 46; DSO200: 35-36; DSO240: 44-45; DSO010: 23-25,"Media: programa explícito, desempeño individual no medido",No estimado: faltan programas de optativa/electivo,Internacional general; elegibilidad e idioma se verifican por oferta,2026-09-13,,Marco ocupacional/técnico; sin anuncio específico asociado,DSO020;DSO030;DSO160;DSO170;DSO270,"200 h curriculares, dominio y desempeño no documentados; aporte específico condicionado",Inferencia analítica del programa; no medición de habilidad individual ni probabilidad de empleo
R105,Ingeniería de datos e inteligencia artificial,Ingeniero de big data,Big Data Engineer; Hadoop Engineer,Especialización,Inicial,55,Base parcial; especialización necesaria,Orientación posible tras especialización y proyecto verificable,3,2,2,1,3,53.75,100,DSO260;DSO230;DSO220;DSO190,Computación en la Nube; Base de Datos Avanzadas; Redes y Sistemas Distribuidos; Ciencia de Datos Aplicada,"Hadoop, MapReduce y sistemas distribuidos aparecen explícitos","Ecosistema actual, procesamiento masivo, particionado y operación de clústeres","Hadoop, MapReduce y sistemas distribuidos aparecen explícitos. La valoración de tareas es 2/4 y la de herramientas 2/4 porque resta: Ecosistema actual, procesamiento masivo, particionado y operación de clústeres. Preparación operativa: 1/4; la práctica específica no está acreditada para este perfil.","Trabajo distribuido con particiones, fallos simulados y medición",P2;DE,https://cloud.google.com/learn/certification/data-engineer,DSO260: 47-48; DSO230: 43-44; DSO220: 42-43; DSO190: 34-35,"Media: programa explícito, desempeño individual no medido",No estimado: faltan programas de optativa/electivo,Internacional general; elegibilidad e idioma se verifican por oferta,2026-09-13,,Marco ocupacional/técnico; sin anuncio específico asociado,DSO010;DSO020;DSO030;DSO160;DSO170;DSO270,"200 h curriculares, dominio y desempeño no documentados; aporte específico condicionado",Inferencia analítica del programa; no medición de habilidad individual ni probabilidad de empleo
R102,Ingeniería de datos e inteligencia artificial,Ingeniero de datos junior,Junior Data Engineer,Ocupación,Inicial,55,Base parcial; especialización necesaria,Orientación posible tras especialización y proyecto verificable,3,2,2,1,3,53.75,100,DSO120;DSO230;DSO260;DSO190;DSO250,Base de Datos Relacionales; Base de Datos Avanzadas; Computación en la Nube; Ciencia de Datos Aplicada; Programación Orientada a Objetos,"SQL, almacenes, Java y Hadoop/MapReduce aportan base relevante","Pipelines mantenibles, orquestación, formatos, pruebas y lenguaje del puesto","SQL, almacenes, Java y Hadoop/MapReduce aportan base relevante. La valoración de tareas es 2/4 y la de herramientas 2/4 porque resta: Pipelines mantenibles, orquestación, formatos, pruebas y lenguaje del puesto. Preparación operativa: 1/4; la práctica específica no está acreditada para este perfil.","Pipeline incremental con validación, reintentos y documentación",P2;DE;J_DE,https://cloud.google.com/learn/certification/data-engineer ; https://www.diligenciagroup.com/hubfs/2026%20Junior%20Data%20Engineer%20Jobspec%20v1.1.pdf?hsLang=en,DSO120: 38-40; DSO230: 43-44; DSO260: 47-48; DSO190: 34-35; DSO250: 46,"Media: programa explícito, desempeño individual no medido",No estimado: faltan programas de optativa/electivo,Internacional general; elegibilidad e idioma se verifican por oferta,2026-09-13,J_DE,Marco y anuncio de empleador,DSO010;DSO020;DSO030;DSO160;DSO170;DSO270,"200 h curriculares, dominio y desempeño no documentados; aporte específico condicionado",Inferencia analítica del programa; no medición de habilidad individual ni probabilidad de empleo
R060,Plataformas empresariales y automatización,Consultor de implementación SaaS,SaaS Implementation Specialist; Implementation Consultant,Ocupación,Inicial,55,Base parcial; especialización necesaria,Orientación posible tras especialización y proyecto verificable,3,3,1,1,2,55.0,100,DSO080;DSO120;DSO040;DSO270;DSO290,Fundamentos de Análisis de Sistemas; Base de Datos Relacionales; Taller de Tecnología; Técnicas Laborales para el Desarrollo de Software; Programación Web,"Requisitos, datos e integración ayudan a configurar soluciones para clientes","Producto específico, migraciones, capacitación y comunicación de proyecto en idioma del cliente","Requisitos, datos e integración ayudan a configurar soluciones para clientes. La valoración de tareas es 3/4 y la de herramientas 1/4 porque resta: Producto específico, migraciones, capacitación y comunicación de proyecto en idioma del cliente. Preparación operativa: 1/4; la práctica específica no está acreditada para este perfil.","Implementación de prueba con migración, aceptación y manual de usuarios",P2;BA;IIBA;J_BA,https://www.onetonline.org/link/summary/15-1211.00 ; https://www.iiba.org/knowledgehub/the-business-analysis-standard/ ; https://jobs.lever.co/vo2-group/4a1ba40c-9aee-40c5-b0f8-9940734b895e,DSO080: 33-34; DSO120: 38-40; DSO040: 28-29; DSO270: 29-30; DSO290: 46-47,"Media: programa explícito, desempeño individual no medido",No estimado: faltan programas de optativa/electivo,Internacional general; elegibilidad e idioma se verifican por oferta,2026-09-13,J_BA,Marco y anuncio de empleador,DSO010;DSO020;DSO030;DSO160;DSO170,"200 h curriculares, dominio y desempeño no documentados; aporte específico condicionado",Inferencia analítica del programa; no medición de habilidad individual ni probabilidad de empleo
R148,"Redes, cloud y DevOps",Administrador cloud junior,Junior Cloud Administrator; Cloud Operations Engineer,Ocupación,Inicial,55,Base parcial; especialización necesaria,Orientación posible tras especialización y proyecto verificable,3,2,2,1,3,53.75,100,DSO260;DSO210;DSO220;DSO120,Computación en la Nube; Sistemas Operativos Aplicados; Redes y Sistemas Distribuidos; Base de Datos Relacionales,"Infraestructura AWS/GCP, sistemas y servicios brindan base inicial","IAM detallado, monitoreo, costos, respaldo y operación del proveedor","Infraestructura AWS/GCP, sistemas y servicios brindan base inicial. La valoración de tareas es 2/4 y la de herramientas 2/4 porque resta: IAM detallado, monitoreo, costos, respaldo y operación del proveedor. Preparación operativa: 1/4; la práctica específica no está acreditada para este perfil.",Desplegar y operar un entorno pequeño con alertas y restauración,P2;GCP;AWS;FINOPS,https://cloud.google.com/learn/certification/cloud-engineer ; https://aws.amazon.com/certification/certified-developer-associate/ ; https://www.finops.org/framework/,DSO260: 47-48; DSO210: 40-42; DSO220: 42-43; DSO120: 38-40,"Media: programa explícito, desempeño individual no medido",No estimado: faltan programas de optativa/electivo,Internacional general; elegibilidad e idioma se verifican por oferta,2026-09-13,,Marco ocupacional/técnico; sin anuncio específico asociado,DSO010;DSO020;DSO030;DSO160;DSO170;DSO270,"200 h curriculares, dominio y desempeño no documentados; aporte específico condicionado",Inferencia analítica del programa; no medición de habilidad individual ni probabilidad de empleo
R143,"Redes, cloud y DevOps",Administrador de redes,Network Administrator,Ocupación,Inicial,55,Base parcial; especialización necesaria,Orientación posible tras especialización y proyecto verificable,3,2,2,1,3,53.75,100,DSO220;DSO210;DSO260,Redes y Sistemas Distribuidos; Sistemas Operativos Aplicados; Computación en la Nube,"Redes, VPN y servicios permiten comenzar administración supervisada","Routing/switching empresarial, cambios seguros, monitoreo y controles de acceso","Redes, VPN y servicios permiten comenzar administración supervisada. La valoración de tareas es 2/4 y la de herramientas 2/4 porque resta: Routing/switching empresarial, cambios seguros, monitoreo y controles de acceso. Preparación operativa: 1/4; la práctica específica no está acreditada para este perfil.",Administrar una red segmentada con respaldo de configuración y pruebas,P2;NET;SYS,https://www.cisco.com/site/us/en/learn/training-certifications/exams/ccna.html ; https://www.onetonline.org/link/summary/15-1244.00,DSO220: 42-43; DSO210: 40-42; DSO260: 47-48,"Media: programa explícito, desempeño individual no medido",No estimado: faltan programas de optativa/electivo,Internacional general; elegibilidad e idioma se verifican por oferta,2026-09-13,,Marco ocupacional/técnico; sin anuncio específico asociado,DSO010;DSO020;DSO030;DSO160;DSO170;DSO270,"200 h curriculares, dominio y desempeño no documentados; aporte específico condicionado",Inferencia analítica del programa; no medición de habilidad individual ni probabilidad de empleo
R149,"Redes, cloud y DevOps",Desarrollador de aplicaciones AWS,AWS Cloud Developer,Especialización,Inicial,55,Base parcial; especialización necesaria,Orientación posible tras especialización y proyecto verificable,3,2,2,1,3,53.75,100,DSO260;DSO250;DSO290;DSO120;DSO240,Computación en la Nube; Programación Orientada a Objetos; Programación Web; Base de Datos Relacionales; Metodología y Testing,"AWS, desarrollo de software y datos tienen cobertura parcial combinada","Servicios concretos, SDK, IAM, despliegue automatizado y diagnóstico cloud","AWS, desarrollo de software y datos tienen cobertura parcial combinada. La valoración de tareas es 2/4 y la de herramientas 2/4 porque resta: Servicios concretos, SDK, IAM, despliegue automatizado y diagnóstico cloud. Preparación operativa: 1/4; la práctica específica no está acreditada para este perfil.","Aplicación AWS con permisos mínimos, pruebas y monitoreo",P2;AWS;DEV,https://aws.amazon.com/certification/certified-developer-associate/ ; https://www.onetonline.org/link/summary/15-1252.00,DSO260: 47-48; DSO250: 46; DSO290: 46-47; DSO120: 38-40; DSO240: 44-45,"Media: programa explícito, desempeño individual no medido",No estimado: faltan programas de optativa/electivo,Internacional general; elegibilidad e idioma se verifican por oferta,2026-09-13,,Marco ocupacional/técnico; sin anuncio específico asociado,DSO010;DSO020;DSO030;DSO160;DSO170;DSO270,"200 h curriculares, dominio y desempeño no documentados; aporte específico condicionado",Inferencia analítica del programa; no medición de habilidad individual ni probabilidad de empleo
R150,"Redes, cloud y DevOps",Desarrollador de aplicaciones GCP,Google Cloud Developer,Especialización,Inicial,55,Base parcial; especialización necesaria,Orientación posible tras especialización y proyecto verificable,3,2,2,1,3,53.75,100,DSO260;DSO250;DSO290;DSO120,Computación en la Nube; Programación Orientada a Objetos; Programación Web; Base de Datos Relacionales,"GCP, servidor y datos permiten construir una base cloud","Productos GCP del puesto, identidad, despliegue y observabilidad","GCP, servidor y datos permiten construir una base cloud. La valoración de tareas es 2/4 y la de herramientas 2/4 porque resta: Productos GCP del puesto, identidad, despliegue y observabilidad. Preparación operativa: 1/4; la práctica específica no está acreditada para este perfil.","Aplicación GCP con persistencia, alertas y control de accesos",P2;GCP;DEV,https://cloud.google.com/learn/certification/cloud-engineer ; https://www.onetonline.org/link/summary/15-1252.00,DSO260: 47-48; DSO250: 46; DSO290: 46-47; DSO120: 38-40,"Media: programa explícito, desempeño individual no medido",No estimado: faltan programas de optativa/electivo,Internacional general; elegibilidad e idioma se verifican por oferta,2026-09-13,,Marco ocupacional/técnico; sin anuncio específico asociado,DSO010;DSO020;DSO030;DSO160;DSO170;DSO270,"200 h curriculares, dominio y desempeño no documentados; aporte específico condicionado",Inferencia analítica del programa; no medición de habilidad individual ni probabilidad de empleo
R153,"Redes, cloud y DevOps",Ingeniero DevOps junior,Junior DevOps Engineer,Ocupación,Inicial,55,Base parcial; especialización necesaria,Orientación posible tras especialización y proyecto verificable,3,2,2,1,3,53.75,100,DSO260;DSO210;DSO220;DSO240;DSO250,Computación en la Nube; Sistemas Operativos Aplicados; Redes y Sistemas Distribuidos; Metodología y Testing; Programación Orientada a Objetos,"Linux, Docker, GitHub, programación y testing son una base concreta","CI/CD, infraestructura como código, secretos, observabilidad y práctica operativa","Linux, Docker, GitHub, programación y testing son una base concreta. La valoración de tareas es 2/4 y la de herramientas 2/4 porque resta: CI/CD, infraestructura como código, secretos, observabilidad y práctica operativa. Preparación operativa: 1/4; la práctica específica no está acreditada para este perfil.","Pipeline que construya, pruebe y despliegue con rollback",P2;K8S;SRE;J_DEVOPS,https://training.linuxfoundation.org/certification/certified-kubernetes-administrator-cka/ ; https://sre.google/sre-book/monitoring-distributed-systems/ ; https://jobs.smartrecruiters.com/TimocomGmbH1/744000121363118-devops-engineer-m-w-d-,DSO260: 47-48; DSO210: 40-42; DSO220: 42-43; DSO240: 44-45; DSO250: 46,"Media: programa explícito, desempeño individual no medido",No estimado: faltan programas de optativa/electivo,Internacional general; elegibilidad e idioma se verifican por oferta,2026-09-13,J_DEVOPS,Marco y anuncio de empleador,DSO010;DSO020;DSO030;DSO160;DSO170;DSO270,"200 h curriculares, dominio y desempeño no documentados; aporte específico condicionado",Inferencia analítica del programa; no medición de habilidad individual ni probabilidad de empleo
R234,Sistemas especializados y ocupaciones digitales adyacentes,Desarrollador de software financiero,Fintech Developer; Payments Software Developer,Especialización,Inicial,55,Base parcial; especialización necesaria,Orientación posible tras especialización y proyecto verificable,3,2,2,1,3,53.75,100,DSO250;DSO120;DSO290;DSO260;DSO240,Programación Orientada a Objetos; Base de Datos Relacionales; Programación Web; Computación en la Nube; Metodología y Testing,"Transacciones, servicios y seguridad aportan base técnica","Pagos, conciliación, idempotencia, auditoría y reglas del dominio","Transacciones, servicios y seguridad aportan base técnica. La valoración de tareas es 2/4 y la de herramientas 2/4 porque resta: Pagos, conciliación, idempotencia, auditoría y reglas del dominio. Preparación operativa: 1/4; la práctica específica no está acreditada para este perfil.","Flujo de pagos simulado con duplicados, fallos y conciliación",P2;DEV;J_AUTO,https://www.onetonline.org/link/summary/15-1252.00 ; https://jobs.smartrecruiters.com/Inetum2/744000142569136-qa-automation-engineer-junior-java-developer?trid=7d1dcdfa-96a8-4e55-bb9c-0db211f5a9b3,DSO250: 46; DSO120: 38-40; DSO290: 46-47; DSO260: 47-48; DSO240: 44-45,"Media: programa explícito, desempeño individual no medido",No estimado: faltan programas de optativa/electivo,Internacional general; elegibilidad e idioma se verifican por oferta,2026-09-13,J_AUTO,Marco y anuncio de empleador,DSO010;DSO020;DSO030;DSO160;DSO170;DSO270,"200 h curriculares, dominio y desempeño no documentados; aporte específico condicionado",Inferencia analítica del programa; no medición de habilidad individual ni probabilidad de empleo
R140,Soporte y operación de sistemas,Administrador de respaldos y recuperación,Backup Administrator; Disaster Recovery Technician,Especialización,Inicial,55,Base parcial; especialización necesaria,Orientación posible tras especialización y proyecto verificable,3,2,2,1,3,53.75,100,DSO210;DSO120;DSO220;DSO260,Sistemas Operativos Aplicados; Base de Datos Relacionales; Redes y Sistemas Distribuidos; Computación en la Nube,Respaldos de sistemas/datos y disponibilidad están presentes,"Herramienta corporativa, retención, copias inmutables y pruebas RPO/RTO","Respaldos de sistemas/datos y disponibilidad están presentes. La valoración de tareas es 2/4 y la de herramientas 2/4 porque resta: Herramienta corporativa, retención, copias inmutables y pruebas RPO/RTO. Preparación operativa: 1/4; la práctica específica no está acreditada para este perfil.",Recuperación documentada con tiempos medidos y verificación de integridad,P2;SYS;DBA;SRE,https://www.onetonline.org/link/summary/15-1244.00 ; https://www.onetonline.org/link/summary/15-1242.00 ; https://sre.google/sre-book/monitoring-distributed-systems/,DSO210: 40-42; DSO120: 38-40; DSO220: 42-43; DSO260: 47-48,"Media: programa explícito, desempeño individual no medido",No estimado: faltan programas de optativa/electivo,Internacional general; elegibilidad e idioma se verifican por oferta,2026-09-13,,Marco ocupacional/técnico; sin anuncio específico asociado,DSO010;DSO020;DSO030;DSO160;DSO170;DSO270,"200 h curriculares, dominio y desempeño no documentados; aporte específico condicionado",Inferencia analítica del programa; no medición de habilidad individual ni probabilidad de empleo
R067,Calidad y testing,Automatizador de pruebas de interfaz web,Web Test Automation Engineer; Selenium Engineer; Playwright Engineer,Especialización,Inicial,50,Base parcial; especialización necesaria,Orientación posible tras especialización y proyecto verificable,3,2,1,1,3,48.75,100,DSO240;DSO290;DSO250;DSO200,Metodología y Testing; Programación Web; Programación Orientada a Objetos; Diseño de Software,Programación y técnicas de prueba se transfieren a la UI,"Selenium/Playwright/Cypress, localizadores, sincronización y pruebas estables","Programación y técnicas de prueba se transfieren a la UI. La valoración de tareas es 2/4 y la de herramientas 1/4 porque resta: Selenium/Playwright/Cypress, localizadores, sincronización y pruebas estables. Preparación operativa: 1/4; la práctica específica no está acreditada para este perfil.",Suite web que evite dependencias temporales y produzca evidencias de fallos,P2;QA;J_AUTO,https://www.onetonline.org/link/summary/15-1253.00 ; https://jobs.smartrecruiters.com/Inetum2/744000142569136-qa-automation-engineer-junior-java-developer?trid=7d1dcdfa-96a8-4e55-bb9c-0db211f5a9b3,DSO240: 44-45; DSO290: 46-47; DSO250: 46; DSO200: 35-36,"Media: programa explícito, desempeño individual no medido",No estimado: faltan programas de optativa/electivo,Internacional general; elegibilidad e idioma se verifican por oferta,2026-09-13,J_AUTO,Marco y anuncio de empleador,DSO010;DSO020;DSO030;DSO160;DSO170;DSO270,"200 h curriculares, dominio y desempeño no documentados; aporte específico condicionado",Inferencia analítica del programa; no medición de habilidad individual ni probabilidad de empleo
R076,Calidad y testing,Ingeniero de datos de prueba,Test Data Engineer,Especialización,Inicial,50,Base parcial; especialización necesaria,Orientación posible tras especialización y proyecto verificable,3,2,1,1,3,48.75,100,DSO120;DSO230;DSO240;DSO150;DSO260,Base de Datos Relacionales; Base de Datos Avanzadas; Metodología y Testing; Legislación de las TIC; Computación en la Nube,"Datos, validación y privacidad permiten comprender conjuntos de prueba","Síntesis, anonimización, versionado y aprovisionamiento reproducible","Datos, validación y privacidad permiten comprender conjuntos de prueba. La valoración de tareas es 2/4 y la de herramientas 1/4 porque resta: Síntesis, anonimización, versionado y aprovisionamiento reproducible. Preparación operativa: 1/4; la práctica específica no está acreditada para este perfil.",Generar datos referenciales consistentes sin exponer datos personales,P2;QA;DBA;ASVS,https://www.onetonline.org/link/summary/15-1253.00 ; https://www.onetonline.org/link/summary/15-1242.00 ; https://owasp.github.io/www-project-application-security-verification-standard/,DSO120: 38-40; DSO230: 43-44; DSO240: 44-45; DSO150: 51; DSO260: 47-48,"Media: programa explícito, desempeño individual no medido",No estimado: faltan programas de optativa/electivo,Internacional general; elegibilidad e idioma se verifican por oferta,2026-09-13,,Marco ocupacional/técnico; sin anuncio específico asociado,DSO010;DSO020;DSO030;DSO160;DSO170;DSO270,"200 h curriculares, dominio y desempeño no documentados; aporte específico condicionado",Inferencia analítica del programa; no medición de habilidad individual ni probabilidad de empleo
R071,Calidad y testing,Tester de seguridad de aplicaciones,Application Security Tester,Especialización,Inicial,50,Base parcial; especialización necesaria,Orientación posible tras especialización y proyecto verificable,3,2,1,1,3,48.75,100,DSO240;DSO260;DSO290;DSO120,Metodología y Testing; Computación en la Nube; Programación Web; Base de Datos Relacionales,"El plan incluye pruebas de seguridad, inyección y codificación defensiva","Metodología de verificación, herramientas especializadas y explotación controlada","El plan incluye pruebas de seguridad, inyección y codificación defensiva. La valoración de tareas es 2/4 y la de herramientas 1/4 porque resta: Metodología de verificación, herramientas especializadas y explotación controlada. Preparación operativa: 1/4; la práctica específica no está acreditada para este perfil.",Revisión de una app de laboratorio contra controles ASVS con remediaciones,P2;ASVS;PENT,https://owasp.github.io/www-project-application-security-verification-standard/ ; https://www.onetonline.org/link/summary/15-1299.04,DSO240: 44-45; DSO260: 47-48; DSO290: 46-47; DSO120: 38-40,"Media: programa explícito, desempeño individual no medido",No estimado: faltan programas de optativa/electivo,Internacional general; elegibilidad e idioma se verifican por oferta,2026-09-13,,Marco ocupacional/técnico; sin anuncio específico asociado,DSO010;DSO020;DSO030;DSO160;DSO170;DSO270,"200 h curriculares, dominio y desempeño no documentados; aporte específico condicionado",Inferencia analítica del programa; no medición de habilidad individual ni probabilidad de empleo
R074,Calidad y testing,Tester de videojuegos,Game QA Tester,Especialización,Inicial,50,Base parcial; especialización necesaria,Orientación posible tras especialización y proyecto verificable,3,2,1,1,3,48.75,100,DSO240;DSO200;DSO130;DSO250,Metodología y Testing; Diseño de Software; Programación Estructurada; Programación Orientada a Objetos,Diseño de pruebas y reproducción de defectos se transfieren a juegos,"Motores, plataformas, estados de juego y certificación de consola si corresponde","Diseño de pruebas y reproducción de defectos se transfieren a juegos. La valoración de tareas es 2/4 y la de herramientas 1/4 porque resta: Motores, plataformas, estados de juego y certificación de consola si corresponde. Preparación operativa: 1/4; la práctica específica no está acreditada para este perfil.",Informe reproducible de errores y matriz de estados de un juego,P2;QA;GAME,https://www.onetonline.org/link/summary/15-1253.00 ; https://www.onetonline.org/link/summary/15-1255.01,DSO240: 44-45; DSO200: 35-36; DSO130: 45-46; DSO250: 46,"Media: programa explícito, desempeño individual no medido",No estimado: faltan programas de optativa/electivo,Internacional general; elegibilidad e idioma se verifican por oferta,2026-09-13,,Marco ocupacional/técnico; sin anuncio específico asociado,DSO010;DSO020;DSO030;DSO160;DSO170;DSO270,"200 h curriculares, dominio y desempeño no documentados; aporte específico condicionado",Inferencia analítica del programa; no medición de habilidad individual ni probabilidad de empleo
R162,Ciberseguridad,Analista SOC nivel 1,SOC Analyst Tier 1; Junior Security Analyst,Ocupación,Inicial,50,Base parcial; especialización necesaria,Orientación posible tras especialización y proyecto verificable,3,2,1,1,3,48.75,100,DSO260;DSO220;DSO210;DSO240,Computación en la Nube; Redes y Sistemas Distribuidos; Sistemas Operativos Aplicados; Metodología y Testing,"Sistemas, redes, amenazas y seguridad de código ayudan a interpretar alertas","SIEM, EDR, análisis de logs, triage, playbooks y práctica de incidentes","Sistemas, redes, amenazas y seguridad de código ayudan a interpretar alertas. La valoración de tareas es 2/4 y la de herramientas 1/4 porque resta: SIEM, EDR, análisis de logs, triage, playbooks y práctica de incidentes. Preparación operativa: 1/4; la práctica específica no está acreditada para este perfil.",Investigar alertas de laboratorio y escalar con evidencias y contexto,P2;NICE;SOC;J_SOC,https://www.nist.gov/itl/applied-cybersecurity/nice/nice-framework-resource-center/getting-started ; https://learn.microsoft.com/en-us/credentials/certifications/resources/study-guides/sc-200 ; https://hsa-cayman.imgix.net/images/Junior-Security-Operations-Centre-Analyst-Advert-and-JD-13Aug2024.pdf,DSO260: 47-48; DSO220: 42-43; DSO210: 40-42; DSO240: 44-45,"Media: programa explícito, desempeño individual no medido",No estimado: faltan programas de optativa/electivo,Internacional general; elegibilidad e idioma se verifican por oferta,2026-09-13,J_SOC,Marco y anuncio de empleador,DSO010;DSO020;DSO030;DSO160;DSO170;DSO270,"200 h curriculares, dominio y desempeño no documentados; aporte específico condicionado",Inferencia analítica del programa; no medición de habilidad individual ni probabilidad de empleo
R171,Ciberseguridad,Analista de vulnerabilidades,Vulnerability Management Analyst,Ocupación,Inicial,50,Base parcial; especialización necesaria,Orientación posible tras especialización y proyecto verificable,3,2,1,1,3,48.75,100,DSO260;DSO210;DSO220;DSO240,Computación en la Nube; Sistemas Operativos Aplicados; Redes y Sistemas Distribuidos; Metodología y Testing,Seguridad y pruebas permiten comprender fallos técnicos,"Escáneres, inventario, priorización contextual, remediación y verificación","Seguridad y pruebas permiten comprender fallos técnicos. La valoración de tareas es 2/4 y la de herramientas 1/4 porque resta: Escáneres, inventario, priorización contextual, remediación y verificación. Preparación operativa: 1/4; la práctica específica no está acreditada para este perfil.",Ciclo de hallazgos desde detección hasta cierre comprobado,P2;NICE;ASVS,https://www.nist.gov/itl/applied-cybersecurity/nice/nice-framework-resource-center/getting-started ; https://owasp.github.io/www-project-application-security-verification-standard/,DSO260: 47-48; DSO210: 40-42; DSO220: 42-43; DSO240: 44-45,"Media: programa explícito, desempeño individual no medido",No estimado: faltan programas de optativa/electivo,Internacional general; elegibilidad e idioma se verifican por oferta,2026-09-13,,Marco ocupacional/técnico; sin anuncio específico asociado,DSO010;DSO020;DSO030;DSO160;DSO170;DSO270,"200 h curriculares, dominio y desempeño no documentados; aporte específico condicionado",Inferencia analítica del programa; no medición de habilidad individual ni probabilidad de empleo
R185,Ciberseguridad,Especialista en seguridad móvil,Mobile Security Engineer; Android Security Tester,Especialización,Inicial,50,Base parcial; especialización necesaria,Orientación posible tras especialización y proyecto verificable,3,2,1,1,3,48.75,100,DSO300;DSO260;DSO240;DSO210,Programación de Aplicaciones para Celulares; Computación en la Nube; Metodología y Testing; Sistemas Operativos Aplicados,Android y pautas CERT de programación segura están incluidos,"Pruebas móviles especializadas, almacenamiento, IPC, ingeniería inversa y plataforma iOS","Android y pautas CERT de programación segura están incluidos. La valoración de tareas es 2/4 y la de herramientas 1/4 porque resta: Pruebas móviles especializadas, almacenamiento, IPC, ingeniería inversa y plataforma iOS. Preparación operativa: 1/4; la práctica específica no está acreditada para este perfil.",Auditoría de aplicación móvil de laboratorio con remediaciones verificadas,P2;ASVS;PENT;ANDROID,https://owasp.github.io/www-project-application-security-verification-standard/ ; https://www.onetonline.org/link/summary/15-1299.04 ; https://developer.android.com/courses/android-basics-compose/course?authuser=0,DSO300: 47; DSO260: 47-48; DSO240: 44-45; DSO210: 40-42,"Media: programa explícito, desempeño individual no medido",No estimado: faltan programas de optativa/electivo,Internacional general; elegibilidad e idioma se verifican por oferta,2026-09-13,,Marco ocupacional/técnico; sin anuncio específico asociado,DSO010;DSO020;DSO030;DSO160;DSO170;DSO270,"200 h curriculares, dominio y desempeño no documentados; aporte específico condicionado",Inferencia analítica del programa; no medición de habilidad individual ni probabilidad de empleo
R177,Ciberseguridad,Ingeniero de PKI y criptografía aplicada,PKI Engineer; Cryptographic Services Engineer,Especialización,Inicial,50,Base parcial; especialización necesaria,Orientación posible tras especialización y proyecto verificable,3,2,1,1,3,48.75,100,DSO260;DSO220;DSO050,Computación en la Nube; Redes y Sistemas Distribuidos; Lógica Matemática,"PKI, claves, hash y firmas aparecen explícitos","Ciclo de certificados, HSM, protocolos, rotación y operación de confianza","PKI, claves, hash y firmas aparecen explícitos. La valoración de tareas es 2/4 y la de herramientas 1/4 porque resta: Ciclo de certificados, HSM, protocolos, rotación y operación de confianza. Preparación operativa: 1/4; la práctica específica no está acreditada para este perfil.","PKI de laboratorio con emisión, revocación y recuperación documentadas",P2;NICE;ASVS,https://www.nist.gov/itl/applied-cybersecurity/nice/nice-framework-resource-center/getting-started ; https://owasp.github.io/www-project-application-security-verification-standard/,DSO260: 47-48; DSO220: 42-43; DSO050: 32,"Media: programa explícito, desempeño individual no medido",No estimado: faltan programas de optativa/electivo,Internacional general; elegibilidad e idioma se verifican por oferta,2026-09-13,,Marco ocupacional/técnico; sin anuncio específico asociado,DSO010;DSO020;DSO030;DSO160;DSO170;DSO270,"200 h curriculares, dominio y desempeño no documentados; aporte específico condicionado",Inferencia analítica del programa; no medición de habilidad individual ni probabilidad de empleo
R175,Ciberseguridad,Ingeniero de identidad y acceso,IAM Engineer; Identity Engineer,Ocupación,Inicial,50,Base parcial; especialización necesaria,Orientación posible tras especialización y proyecto verificable,3,2,1,1,3,48.75,100,DSO210;DSO220;DSO260,Sistemas Operativos Aplicados; Redes y Sistemas Distribuidos; Computación en la Nube,"AD, grupos, Kerberos y autorización están documentados","SSO, OAuth/OIDC, federación, IGA y ciclo de vida de identidades","AD, grupos, Kerberos y autorización están documentados. La valoración de tareas es 2/4 y la de herramientas 1/4 porque resta: SSO, OAuth/OIDC, federación, IGA y ciclo de vida de identidades. Preparación operativa: 1/4; la práctica específica no está acreditada para este perfil.",Flujo de altas/bajas y acceso federado con privilegios mínimos,P2;AZURE;NICE,https://learn.microsoft.com/en-us/credentials/certifications/resources/study-guides/az-104 ; https://www.nist.gov/itl/applied-cybersecurity/nice/nice-framework-resource-center/getting-started,DSO210: 40-42; DSO220: 42-43; DSO260: 47-48,"Media: programa explícito, desempeño individual no medido",No estimado: faltan programas de optativa/electivo,Internacional general; elegibilidad e idioma se verifican por oferta,2026-09-13,,Marco ocupacional/técnico; sin anuncio específico asociado,DSO010;DSO020;DSO030;DSO160;DSO170;DSO270,"200 h curriculares, dominio y desempeño no documentados; aporte específico condicionado",Inferencia analítica del programa; no medición de habilidad individual ni probabilidad de empleo
R165,Ciberseguridad,Ingeniero de seguridad de aplicaciones,Application Security Engineer; AppSec Engineer,Ocupación,Inicial,50,Base parcial; especialización necesaria,Orientación posible tras especialización y proyecto verificable,3,2,1,1,3,48.75,100,DSO260;DSO250;DSO290;DSO240;DSO120,Computación en la Nube; Programación Orientada a Objetos; Programación Web; Metodología y Testing; Base de Datos Relacionales,"Codificación segura, inyección, cifrado y testing tienen cobertura real","Threat modeling, revisión profunda, SAST/DAST, controles y remediación sistemática","Codificación segura, inyección, cifrado y testing tienen cobertura real. La valoración de tareas es 2/4 y la de herramientas 1/4 porque resta: Threat modeling, revisión profunda, SAST/DAST, controles y remediación sistemática. Preparación operativa: 1/4; la práctica específica no está acreditada para este perfil.",Revisión de una app contra ASVS con pruebas de corrección,P2;ASVS;NICE,https://owasp.github.io/www-project-application-security-verification-standard/ ; https://www.nist.gov/itl/applied-cybersecurity/nice/nice-framework-resource-center/getting-started,DSO260: 47-48; DSO250: 46; DSO290: 46-47; DSO240: 44-45; DSO120: 38-40,"Media: programa explícito, desempeño individual no medido",No estimado: faltan programas de optativa/electivo,Internacional general; elegibilidad e idioma se verifican por oferta,2026-09-13,,Marco ocupacional/técnico; sin anuncio específico asociado,DSO010;DSO020;DSO030;DSO160;DSO170;DSO270,"200 h curriculares, dominio y desempeño no documentados; aporte específico condicionado",Inferencia analítica del programa; no medición de habilidad individual ni probabilidad de empleo
R178,Ciberseguridad,Ingeniero de seguridad de redes,Network Security Engineer; Firewall Engineer,Especialización,Inicial,50,Base parcial; especialización necesaria,Orientación posible tras especialización y proyecto verificable,3,2,1,1,3,48.75,100,DSO220;DSO260;DSO210,Redes y Sistemas Distribuidos; Computación en la Nube; Sistemas Operativos Aplicados,"VPN, redes y seguridad proporcionan base","Firewalls empresariales, IDS/IPS, segmentación y cambios en producción","VPN, redes y seguridad proporcionan base. La valoración de tareas es 2/4 y la de herramientas 1/4 porque resta: Firewalls empresariales, IDS/IPS, segmentación y cambios en producción. Preparación operativa: 1/4; la práctica específica no está acreditada para este perfil.",Red segmentada con reglas mínimas y pruebas de tráfico permitido/denegado,P2;NET;NICE,https://www.cisco.com/site/us/en/learn/training-certifications/exams/ccna.html ; https://www.nist.gov/itl/applied-cybersecurity/nice/nice-framework-resource-center/getting-started,DSO220: 42-43; DSO260: 47-48; DSO210: 40-42,"Media: programa explícito, desempeño individual no medido",No estimado: faltan programas de optativa/electivo,Internacional general; elegibilidad e idioma se verifican por oferta,2026-09-13,,Marco ocupacional/técnico; sin anuncio específico asociado,DSO010;DSO020;DSO030;DSO160;DSO170;DSO270,"200 h curriculares, dominio y desempeño no documentados; aporte específico condicionado",Inferencia analítica del programa; no medición de habilidad individual ni probabilidad de empleo
R168,Ciberseguridad,Pentester web junior,Junior Web Penetration Tester; Ethical Hacker,Especialización,Inicial,50,Base parcial; especialización necesaria,Orientación posible tras especialización y proyecto verificable,3,2,1,1,3,48.75,100,DSO260;DSO290;DSO120;DSO240;DSO220,Computación en la Nube; Programación Web; Base de Datos Relacionales; Metodología y Testing; Redes y Sistemas Distribuidos,"Conoce web, inyección y fundamentos de seguridad relevantes","Metodología ofensiva, herramientas, explotación, alcance y reporte profesional","Conoce web, inyección y fundamentos de seguridad relevantes. La valoración de tareas es 2/4 y la de herramientas 1/4 porque resta: Metodología ofensiva, herramientas, explotación, alcance y reporte profesional. Preparación operativa: 1/4; la práctica específica no está acreditada para este perfil.",Evaluación autorizada de laboratorio con reproducción y remediación,P2;PENT;ASVS,https://www.onetonline.org/link/summary/15-1299.04 ; https://owasp.github.io/www-project-application-security-verification-standard/,DSO260: 47-48; DSO290: 46-47; DSO120: 38-40; DSO240: 44-45; DSO220: 42-43,"Media: programa explícito, desempeño individual no medido",No estimado: faltan programas de optativa/electivo,Internacional general; elegibilidad e idioma se verifican por oferta,2026-09-13,,Marco ocupacional/técnico; sin anuncio específico asociado,DSO010;DSO020;DSO030;DSO160;DSO170;DSO270,"200 h curriculares, dominio y desempeño no documentados; aporte específico condicionado",Inferencia analítica del programa; no medición de habilidad individual ni probabilidad de empleo
R013,Desarrollo de software,Desarrollador Elixir/Phoenix,Elixir Developer; Phoenix Developer,Especialización,Inicial,50,Base parcial; especialización necesaria,Orientación posible tras especialización y proyecto verificable,3,2,1,1,3,48.75,100,DSO070;DSO220;DSO290;DSO240,Sistemas y Paradigmas de Programación; Redes y Sistemas Distribuidos; Programación Web; Metodología y Testing,El programa estudia Elixir/Erlang y conceptos distribuidos,"OTP, supervisión, Phoenix, pruebas y operación BEAM","El programa estudia Elixir/Erlang y conceptos distribuidos. La valoración de tareas es 2/4 y la de herramientas 1/4 porque resta: OTP, supervisión, Phoenix, pruebas y operación BEAM. Preparación operativa: 1/4; la práctica específica no está acreditada para este perfil.",Servicio con procesos supervisados y recuperación ante fallos,P2;DEV,https://www.onetonline.org/link/summary/15-1252.00,DSO070: 33; DSO220: 42-43; DSO290: 46-47; DSO240: 44-45,"Media: programa explícito, desempeño individual no medido",No estimado: faltan programas de optativa/electivo,Internacional general; elegibilidad e idioma se verifican por oferta,2026-09-13,,Marco ocupacional/técnico; sin anuncio específico asociado,DSO010;DSO020;DSO030;DSO160;DSO170;DSO270,"200 h curriculares, dominio y desempeño no documentados; aporte específico condicionado",Inferencia analítica del programa; no medición de habilidad individual ni probabilidad de empleo
R006,Desarrollo de software,Desarrollador backend Kotlin/JVM,Kotlin Backend Developer,Especialización,Inicial,50,Base parcial; especialización necesaria,Orientación posible tras especialización y proyecto verificable,3,2,1,1,3,48.75,100,DSO250;DSO290;DSO120;DSO240,Programación Orientada a Objetos; Programación Web; Base de Datos Relacionales; Metodología y Testing,"La JVM, POO y arquitectura web transfieren parte del trabajo backend","Kotlin idiomático, null safety, coroutines y framework del equipo","La JVM, POO y arquitectura web transfieren parte del trabajo backend. La valoración de tareas es 2/4 y la de herramientas 1/4 porque resta: Kotlin idiomático, null safety, coroutines y framework del equipo. Preparación operativa: 1/4; la práctica específica no está acreditada para este perfil.",Migrar un módulo Java a Kotlin con pruebas equivalentes,P2;DEV;J_JAVA2,https://www.onetonline.org/link/summary/15-1252.00 ; https://jobs.smartrecruiters.com/SigmaSoftware2/744000108185057-strong-junior-java-developer-,DSO250: 46; DSO290: 46-47; DSO120: 38-40; DSO240: 44-45,"Media: programa explícito, desempeño individual no medido",No estimado: faltan programas de optativa/electivo,Internacional general; elegibilidad e idioma se verifican por oferta,2026-09-13,J_JAVA2,Marco y anuncio de empleador,DSO010;DSO020;DSO030;DSO160;DSO170;DSO270,"200 h curriculares, dominio y desempeño no documentados; aporte específico condicionado",Inferencia analítica del programa; no medición de habilidad individual ni probabilidad de empleo
R007,Desarrollo de software,Desarrollador backend Node.js/TypeScript,Node.js Developer; TypeScript Backend Developer,Especialización,Inicial,50,Base parcial; especialización necesaria,Orientación posible tras especialización y proyecto verificable,3,2,1,1,3,48.75,100,DSO290;DSO250;DSO120;DSO260,Programación Web; Programación Orientada a Objetos; Base de Datos Relacionales; Computación en la Nube,"JavaScript, asincronía cliente y diseño servidor aportan conceptos reutilizables","Node.js, TypeScript, ecosistema de paquetes, seguridad y runtime de servidor","JavaScript, asincronía cliente y diseño servidor aportan conceptos reutilizables. La valoración de tareas es 2/4 y la de herramientas 1/4 porque resta: Node.js, TypeScript, ecosistema de paquetes, seguridad y runtime de servidor. Preparación operativa: 1/4; la práctica específica no está acreditada para este perfil.","API Node tipada con pruebas, persistencia y límites de concurrencia",P2;NODE;DEV;J_DEV,https://nodejs.org/learn/getting-started/introduction-to-nodejs ; https://www.onetonline.org/link/summary/15-1252.00 ; https://jobs.lever.co/steerbridge/718b3135-d15d-4cbc-9541-1cbb8a6f5ec5,DSO290: 46-47; DSO250: 46; DSO120: 38-40; DSO260: 47-48,"Media: programa explícito, desempeño individual no medido",No estimado: faltan programas de optativa/electivo,Internacional general; elegibilidad e idioma se verifican por oferta,2026-09-13,J_DEV,Marco y anuncio de empleador,DSO010;DSO020;DSO030;DSO160;DSO170;DSO270,"200 h curriculares, dominio y desempeño no documentados; aporte específico condicionado",Inferencia analítica del programa; no medición de habilidad individual ni probabilidad de empleo
R025,Desarrollo de software,Desarrollador de aplicaciones con IA integrada,AI Application Developer; LLM Application Engineer,Especialización,Inicial,50,Base parcial; especialización necesaria,Orientación posible tras especialización y proyecto verificable,3,2,1,1,3,48.75,100,DSO290;DSO250;DSO260;DSO240;DSO190,Programación Web; Programación Orientada a Objetos; Computación en la Nube; Metodología y Testing; Ciencia de Datos Aplicada,"Construcción de software, APIs y datos permiten integrar un servicio externo","APIs de modelos, evaluación, costos, privacidad, alucinaciones y fallos de herramientas","Construcción de software, APIs y datos permiten integrar un servicio externo. La valoración de tareas es 2/4 y la de herramientas 1/4 porque resta: APIs de modelos, evaluación, costos, privacidad, alucinaciones y fallos de herramientas. Preparación operativa: 1/4; la práctica específica no está acreditada para este perfil.","Aplicación con modelo externo, conjunto de evaluación y límites de uso",P2;DEV;ML;J_JAVA,https://www.onetonline.org/link/summary/15-1252.00 ; https://cloud.google.com/learn/certification/machine-learning-engineer ; https://jobs.smartrecruiters.com/Tipico/744000136171599--junior-java-developer-m-f-x-,DSO290: 46-47; DSO250: 46; DSO260: 47-48; DSO240: 44-45; DSO190: 34-35,"Media: programa explícito, desempeño individual no medido",No estimado: faltan programas de optativa/electivo,Internacional general; elegibilidad e idioma se verifican por oferta,2026-09-13,J_JAVA,Marco y anuncio de empleador,DSO010;DSO020;DSO030;DSO160;DSO170;DSO270,"200 h curriculares, dominio y desempeño no documentados; aporte específico condicionado",Inferencia analítica del programa; no medición de habilidad individual ni probabilidad de empleo
R022,Desarrollo de software,Desarrollador de escritorio Electron,Electron Developer,Especialización,Inicial,50,Base parcial; especialización necesaria,Orientación posible tras especialización y proyecto verificable,3,2,1,1,3,48.75,100,DSO290;DSO200;DSO100;DSO260,Programación Web; Diseño de Software; Introducción a los Sistemas Operativos; Computación en la Nube,"JavaScript, UI y separación cliente/servidor se transfieren","Electron, Node, aislamiento de procesos, empaquetado y seguridad","JavaScript, UI y separación cliente/servidor se transfieren. La valoración de tareas es 2/4 y la de herramientas 1/4 porque resta: Electron, Node, aislamiento de procesos, empaquetado y seguridad. Preparación operativa: 1/4; la práctica específica no está acreditada para este perfil.",Aplicación Electron que aísle contenido y distribuya actualizaciones verificables,P2;DEV;NODE,https://www.onetonline.org/link/summary/15-1252.00 ; https://nodejs.org/learn/getting-started/introduction-to-nodejs,DSO290: 46-47; DSO200: 35-36; DSO100: 37-38; DSO260: 47-48,"Media: programa explícito, desempeño individual no medido",No estimado: faltan programas de optativa/electivo,Internacional general; elegibilidad e idioma se verifican por oferta,2026-09-13,,Marco ocupacional/técnico; sin anuncio específico asociado,DSO010;DSO020;DSO030;DSO160;DSO170;DSO270,"200 h curriculares, dominio y desempeño no documentados; aporte específico condicionado",Inferencia analítica del programa; no medición de habilidad individual ni probabilidad de empleo
R024,Desarrollo de software,Desarrollador de herramientas para desarrolladores,Developer Tools Engineer,Especialización,Inicial,50,Base parcial; especialización necesaria,Orientación posible tras especialización y proyecto verificable,3,2,1,1,3,48.75,100,DSO130;DSO250;DSO070;DSO240;DSO260,Programación Estructurada; Programación Orientada a Objetos; Sistemas y Paradigmas de Programación; Metodología y Testing; Computación en la Nube,"Programación, paradigmas, depuración y control de versiones son transferibles","Protocolos de editores, build systems, empaquetado e integración del ecosistema","Programación, paradigmas, depuración y control de versiones son transferibles. La valoración de tareas es 2/4 y la de herramientas 1/4 porque resta: Protocolos de editores, build systems, empaquetado e integración del ecosistema. Preparación operativa: 1/4; la práctica específica no está acreditada para este perfil.",CLI o extensión que resuelva un problema real con pruebas y documentación,P2;DEV,https://www.onetonline.org/link/summary/15-1252.00,DSO130: 45-46; DSO250: 46; DSO070: 33; DSO240: 44-45; DSO260: 47-48,"Media: programa explícito, desempeño individual no medido",No estimado: faltan programas de optativa/electivo,Internacional general; elegibilidad e idioma se verifican por oferta,2026-09-13,,Marco ocupacional/técnico; sin anuncio específico asociado,DSO010;DSO020;DSO030;DSO160;DSO170;DSO270,"200 h curriculares, dominio y desempeño no documentados; aporte específico condicionado",Inferencia analítica del programa; no medición de habilidad individual ni probabilidad de empleo
R018,Desarrollo de software,Desarrollador de middleware y mensajería,Middleware Developer; Messaging Engineer,Especialización,Inicial,50,Base parcial; especialización necesaria,Orientación posible tras especialización y proyecto verificable,3,2,1,1,3,48.75,100,DSO220;DSO250;DSO290;DSO260,Redes y Sistemas Distribuidos; Programación Orientada a Objetos; Programación Web; Computación en la Nube,Concurrencia y sistemas distribuidos aportan base de comunicación,"Kafka/RabbitMQ, semántica de entrega, orden, backpressure y operación","Concurrencia y sistemas distribuidos aportan base de comunicación. La valoración de tareas es 2/4 y la de herramientas 1/4 porque resta: Kafka/RabbitMQ, semántica de entrega, orden, backpressure y operación. Preparación operativa: 1/4; la práctica específica no está acreditada para este perfil.",Flujo productor-consumidor que tolere duplicados y caída de consumidores,P2;DEV;J_JAVA2,https://www.onetonline.org/link/summary/15-1252.00 ; https://jobs.smartrecruiters.com/SigmaSoftware2/744000108185057-strong-junior-java-developer-,DSO220: 42-43; DSO250: 46; DSO290: 46-47; DSO260: 47-48,"Media: programa explícito, desempeño individual no medido",No estimado: faltan programas de optativa/electivo,Internacional general; elegibilidad e idioma se verifican por oferta,2026-09-13,J_JAVA2,Marco y anuncio de empleador,DSO010;DSO020;DSO030;DSO160;DSO170;DSO270,"200 h curriculares, dominio y desempeño no documentados; aporte específico condicionado",Inferencia analítica del programa; no medición de habilidad individual ni probabilidad de empleo
R041,Desarrollo móvil,Desarrollador Android Kotlin/Compose,Android Kotlin Developer; Jetpack Compose Developer,Especialización,Inicial,50,Base parcial; especialización necesaria,Orientación posible tras especialización y proyecto verificable,3,2,1,1,3,48.75,100,DSO300;DSO250;DSO200;DSO240,Programación de Aplicaciones para Celulares; Programación Orientada a Objetos; Diseño de Software; Metodología y Testing,El dominio Android y la programación OO se transfieren,"Kotlin, Compose, coroutines, flujo de estado y arquitectura moderna","El dominio Android y la programación OO se transfieren. La valoración de tareas es 2/4 y la de herramientas 1/4 porque resta: Kotlin, Compose, coroutines, flujo de estado y arquitectura moderna. Preparación operativa: 1/4; la práctica específica no está acreditada para este perfil.","Aplicación Compose con estado, datos remotos y pruebas",P2;ANDROID;J_ANDROID,https://developer.android.com/courses/android-basics-compose/course?authuser=0 ; https://ibuqa.io/wp-content/uploads/2024/09/Junior-Android-Developer-JD-2.pdf,DSO300: 47; DSO250: 46; DSO200: 35-36; DSO240: 44-45,"Media: programa explícito, desempeño individual no medido",No estimado: faltan programas de optativa/electivo,Internacional general; elegibilidad e idioma se verifican por oferta,2026-09-13,J_ANDROID,Marco y anuncio de empleador,DSO010;DSO020;DSO030;DSO160;DSO170;DSO270,"200 h curriculares, dominio y desempeño no documentados; aporte específico condicionado",Inferencia analítica del programa; no medición de habilidad individual ni probabilidad de empleo
R044,Desarrollo móvil,Desarrollador React Native,React Native Developer,Especialización,Inicial,50,Base parcial; especialización necesaria,Orientación posible tras especialización y proyecto verificable,3,2,1,1,3,48.75,100,DSO290;DSO300;DSO200;DSO240,Programación Web; Programación de Aplicaciones para Celulares; Diseño de Software; Metodología y Testing,Combina fundamentos JavaScript y Android,"React, React Native, navegación, módulos nativos y herramientas de construcción","Combina fundamentos JavaScript y Android. La valoración de tareas es 2/4 y la de herramientas 1/4 porque resta: React, React Native, navegación, módulos nativos y herramientas de construcción. Preparación operativa: 1/4; la práctica específica no está acreditada para este perfil.",Aplicación con integración nativa y pruebas en dos plataformas,P2;RN;REACT,https://reactnative.dev/docs/getting-started ; https://react.dev/learn,DSO290: 46-47; DSO300: 47; DSO200: 35-36; DSO240: 44-45,"Media: programa explícito, desempeño individual no medido",No estimado: faltan programas de optativa/electivo,Internacional general; elegibilidad e idioma se verifican por oferta,2026-09-13,,Marco ocupacional/técnico; sin anuncio específico asociado,DSO010;DSO020;DSO030;DSO160;DSO170;DSO270,"200 h curriculares, dominio y desempeño no documentados; aporte específico condicionado",Inferencia analítica del programa; no medición de habilidad individual ni probabilidad de empleo
R045,Desarrollo móvil,Desarrollador móvil híbrido web,Ionic Developer; Capacitor Developer,Especialización,Inicial,50,Base parcial; especialización necesaria,Orientación posible tras especialización y proyecto verificable,3,2,1,1,3,48.75,100,DSO290;DSO300;DSO200;DSO260,Programación Web; Programación de Aplicaciones para Celulares; Diseño de Software; Computación en la Nube,Angular/JavaScript y Android permiten comprender el enfoque híbrido,"Framework híbrido, puente nativo, plugins, permisos y publicación","Angular/JavaScript y Android permiten comprender el enfoque híbrido. La valoración de tareas es 2/4 y la de herramientas 1/4 porque resta: Framework híbrido, puente nativo, plugins, permisos y publicación. Preparación operativa: 1/4; la práctica específica no está acreditada para este perfil.",Aplicación híbrida con cámara o ubicación y validación de permisos,P2;MDN;ANDROID,https://developer.mozilla.org/en-US/curriculum/core/ ; https://developer.android.com/courses/android-basics-compose/course?authuser=0,DSO290: 46-47; DSO300: 47; DSO200: 35-36; DSO260: 47-48,"Media: programa explícito, desempeño individual no medido",No estimado: faltan programas de optativa/electivo,Internacional general; elegibilidad e idioma se verifican por oferta,2026-09-13,,Marco ocupacional/técnico; sin anuncio específico asociado,DSO010;DSO020;DSO030;DSO160;DSO170;DSO270,"200 h curriculares, dominio y desempeño no documentados; aporte específico condicionado",Inferencia analítica del programa; no medición de habilidad individual ni probabilidad de empleo
R046,Desarrollo móvil,Ingeniero de automatización móvil,Mobile Automation Engineer; Appium Engineer,Especialización,Inicial,50,Base parcial; especialización necesaria,Orientación posible tras especialización y proyecto verificable,3,2,1,1,3,48.75,100,DSO300;DSO240;DSO250;DSO210,Programación de Aplicaciones para Celulares; Metodología y Testing; Programación Orientada a Objetos; Sistemas Operativos Aplicados,"Pruebas, Java, emuladores y administración móvil ofrecen base","Appium u otra herramienta, localizadores, dispositivos y CI de pruebas","Pruebas, Java, emuladores y administración móvil ofrecen base. La valoración de tareas es 2/4 y la de herramientas 1/4 porque resta: Appium u otra herramienta, localizadores, dispositivos y CI de pruebas. Preparación operativa: 1/4; la práctica específica no está acreditada para este perfil.","Suite móvil estable que controle datos, permisos y estados de aplicación",P2;QA;ANDROID;J_AUTO,https://www.onetonline.org/link/summary/15-1253.00 ; https://developer.android.com/courses/android-basics-compose/course?authuser=0 ; https://jobs.smartrecruiters.com/Inetum2/744000142569136-qa-automation-engineer-junior-java-developer?trid=7d1dcdfa-96a8-4e55-bb9c-0db211f5a9b3,DSO300: 47; DSO240: 44-45; DSO250: 46; DSO210: 40-42,"Media: programa explícito, desempeño individual no medido",No estimado: faltan programas de optativa/electivo,Internacional general; elegibilidad e idioma se verifican por oferta,2026-09-13,J_AUTO,Marco y anuncio de empleador,DSO010;DSO020;DSO030;DSO160;DSO170;DSO270,"200 h curriculares, dominio y desempeño no documentados; aporte específico condicionado",Inferencia analítica del programa; no medición de habilidad individual ni probabilidad de empleo
R028,Front-end y experiencia web,Desarrollador React,React Developer; React Front-end Engineer,Especialización,Inicial,50,Base parcial; especialización necesaria,Orientación posible tras especialización y proyecto verificable,3,2,1,1,3,48.75,100,DSO290;DSO200;DSO240,Programación Web; Diseño de Software; Metodología y Testing,"JavaScript, eventos y diseño de interfaces aportan base reutilizable","React, hooks, estado, composición, TypeScript y pruebas del ecosistema","JavaScript, eventos y diseño de interfaces aportan base reutilizable. La valoración de tareas es 2/4 y la de herramientas 1/4 porque resta: React, hooks, estado, composición, TypeScript y pruebas del ecosistema. Preparación operativa: 1/4; la práctica específica no está acreditada para este perfil.","Aplicación React con estados de carga, accesibilidad y pruebas",P2;REACT;MDN;J_DEV,https://react.dev/learn ; https://developer.mozilla.org/en-US/curriculum/core/ ; https://jobs.lever.co/steerbridge/718b3135-d15d-4cbc-9541-1cbb8a6f5ec5,DSO290: 46-47; DSO200: 35-36; DSO240: 44-45,"Media: programa explícito, desempeño individual no medido",No estimado: faltan programas de optativa/electivo,Internacional general; elegibilidad e idioma se verifican por oferta,2026-09-13,J_DEV,Marco y anuncio de empleador,DSO010;DSO020;DSO030;DSO160;DSO170;DSO270,"200 h curriculares, dominio y desempeño no documentados; aporte específico condicionado",Inferencia analítica del programa; no medición de habilidad individual ni probabilidad de empleo
R029,Front-end y experiencia web,Desarrollador Vue,Vue Developer,Especialización,Inicial,50,Base parcial; especialización necesaria,Orientación posible tras especialización y proyecto verificable,3,2,1,1,3,48.75,100,DSO290;DSO200;DSO240,Programación Web; Diseño de Software; Metodología y Testing,Programación de interfaces y JavaScript transfieren conceptos,"Vue, su reactividad, routing, composición y herramientas del proyecto","Programación de interfaces y JavaScript transfieren conceptos. La valoración de tareas es 2/4 y la de herramientas 1/4 porque resta: Vue, su reactividad, routing, composición y herramientas del proyecto. Preparación operativa: 1/4; la práctica específica no está acreditada para este perfil.","Interfaz Vue con formularios, API y pruebas",P2;MDN;DEV,https://developer.mozilla.org/en-US/curriculum/core/ ; https://www.onetonline.org/link/summary/15-1252.00,DSO290: 46-47; DSO200: 35-36; DSO240: 44-45,"Media: programa explícito, desempeño individual no medido",No estimado: faltan programas de optativa/electivo,Internacional general; elegibilidad e idioma se verifican por oferta,2026-09-13,,Marco ocupacional/técnico; sin anuncio específico asociado,DSO010;DSO020;DSO030;DSO160;DSO170;DSO270,"200 h curriculares, dominio y desempeño no documentados; aporte específico condicionado",Inferencia analítica del programa; no medición de habilidad individual ni probabilidad de empleo
R039,Front-end y experiencia web,Desarrollador de aplicaciones web progresivas,PWA Developer,Especialización,Inicial,50,Base parcial; especialización necesaria,Orientación posible tras especialización y proyecto verificable,3,2,1,1,3,48.75,100,DSO290;DSO300;DSO200;DSO260,Programación Web; Programación de Aplicaciones para Celulares; Diseño de Software; Computación en la Nube,Web y restricciones móviles facilitan comprender aplicaciones instalables,"Service workers, caché offline, sincronización y compatibilidad de navegadores","Web y restricciones móviles facilitan comprender aplicaciones instalables. La valoración de tareas es 2/4 y la de herramientas 1/4 porque resta: Service workers, caché offline, sincronización y compatibilidad de navegadores. Preparación operativa: 1/4; la práctica específica no está acreditada para este perfil.",Aplicación que funcione offline y resuelva conflictos de sincronización,P2;MDN;DEV,https://developer.mozilla.org/en-US/curriculum/core/ ; https://www.onetonline.org/link/summary/15-1252.00,DSO290: 46-47; DSO300: 47; DSO200: 35-36; DSO260: 47-48,"Media: programa explícito, desempeño individual no medido",No estimado: faltan programas de optativa/electivo,Internacional general; elegibilidad e idioma se verifican por oferta,2026-09-13,,Marco ocupacional/técnico; sin anuncio específico asociado,DSO010;DSO020;DSO030;DSO160;DSO170;DSO270,"200 h curriculares, dominio y desempeño no documentados; aporte específico condicionado",Inferencia analítica del programa; no medición de habilidad individual ni probabilidad de empleo
R034,Front-end y experiencia web,Desarrollador de comercio electrónico,E-commerce Developer; Shopify Developer; Magento Developer,Especialización,Inicial,50,Base parcial; especialización necesaria,Orientación posible tras especialización y proyecto verificable,3,2,1,1,3,48.75,100,DSO290;DSO120;DSO080;DSO260,Programación Web; Base de Datos Relacionales; Fundamentos de Análisis de Sistemas; Computación en la Nube,Web transaccional y modelado ayudan a construir catálogos y pedidos,"Plataforma comercial elegida, checkout, pagos, inventario y seguridad de integraciones","Web transaccional y modelado ayudan a construir catálogos y pedidos. La valoración de tareas es 2/4 y la de herramientas 1/4 porque resta: Plataforma comercial elegida, checkout, pagos, inventario y seguridad de integraciones. Preparación operativa: 1/4; la práctica específica no está acreditada para este perfil.","Tienda de prueba con pedidos, webhooks y conciliación sin datos reales",P2;DEV;BA;ASVS,https://www.onetonline.org/link/summary/15-1252.00 ; https://www.onetonline.org/link/summary/15-1211.00 ; https://owasp.github.io/www-project-application-security-verification-standard/,DSO290: 46-47; DSO120: 38-40; DSO080: 33-34; DSO260: 47-48,"Media: programa explícito, desempeño individual no medido",No estimado: faltan programas de optativa/electivo,Internacional general; elegibilidad e idioma se verifican por oferta,2026-09-13,,Marco ocupacional/técnico; sin anuncio específico asociado,DSO010;DSO020;DSO030;DSO160;DSO170;DSO270,"200 h curriculares, dominio y desempeño no documentados; aporte específico condicionado",Inferencia analítica del programa; no medición de habilidad individual ni probabilidad de empleo
R035,Front-end y experiencia web,Desarrollador de interfaces accesibles,Accessibility Front-end Developer,Especialización,Inicial,50,Base parcial; especialización necesaria,Orientación posible tras especialización y proyecto verificable,3,2,1,1,3,48.75,100,DSO200;DSO290;DSO240,Diseño de Software; Programación Web; Metodología y Testing,"Usabilidad, interfaces y pruebas permiten empezar a corregir barreras","WCAG, HTML semántico, ARIA, lectores de pantalla y pruebas con usuarios","Usabilidad, interfaces y pruebas permiten empezar a corregir barreras. La valoración de tareas es 2/4 y la de herramientas 1/4 porque resta: WCAG, HTML semántico, ARIA, lectores de pantalla y pruebas con usuarios. Preparación operativa: 1/4; la práctica específica no está acreditada para este perfil.",Corregir navegación por teclado y lectura asistida con evidencias,P2;A11Y;MDN,https://www.w3.org/WAI/curricula/ ; https://developer.mozilla.org/en-US/curriculum/core/,DSO200: 35-36; DSO290: 46-47; DSO240: 44-45,"Media: programa explícito, desempeño individual no medido",No estimado: faltan programas de optativa/electivo,Internacional general; elegibilidad e idioma se verifican por oferta,2026-09-13,,Marco ocupacional/técnico; sin anuncio específico asociado,DSO010;DSO020;DSO030;DSO160;DSO170;DSO270,"200 h curriculares, dominio y desempeño no documentados; aporte específico condicionado",Inferencia analítica del programa; no medición de habilidad individual ni probabilidad de empleo
R037,Front-end y experiencia web,Desarrollador de visualizaciones web,Data Visualization Developer; D3 Developer,Especialización,Inicial,50,Base parcial; especialización necesaria,Orientación posible tras especialización y proyecto verificable,3,2,1,1,3,48.75,100,DSO190;DSO060;DSO290;DSO200,Ciencia de Datos Aplicada; Álgebra y Estadística; Programación Web; Diseño de Software,"Datos, estadística y web permiten interpretar y presentar información","SVG/Canvas, librería de visualización, escalas e interacción accesible","Datos, estadística y web permiten interpretar y presentar información. La valoración de tareas es 2/4 y la de herramientas 1/4 porque resta: SVG/Canvas, librería de visualización, escalas e interacción accesible. Preparación operativa: 1/4; la práctica específica no está acreditada para este perfil.",Visualización interactiva correcta con datos incompletos y explicación de escalas,P2;DS;BI;MDN,https://www.onetonline.org/link/summary/15-2051.00 ; https://www.onetonline.org/link/summary/15-2051.01 ; https://developer.mozilla.org/en-US/curriculum/core/,DSO190: 34-35; DSO060: 32-33; DSO290: 46-47; DSO200: 35-36,"Media: programa explícito, desempeño individual no medido",No estimado: faltan programas de optativa/electivo,Internacional general; elegibilidad e idioma se verifican por oferta,2026-09-13,,Marco ocupacional/técnico; sin anuncio específico asociado,DSO010;DSO020;DSO030;DSO160;DSO170;DSO270,"200 h curriculares, dominio y desempeño no documentados; aporte específico condicionado",Inferencia analítica del programa; no medición de habilidad individual ni probabilidad de empleo
R031,Front-end y experiencia web,Desarrollador full-stack JavaScript,Full-stack JavaScript Developer; MERN Developer,Especialización,Inicial,50,Base parcial; especialización necesaria,Orientación posible tras especialización y proyecto verificable,3,2,1,1,3,48.75,100,DSO290;DSO230;DSO120;DSO200;DSO240,Programación Web; Base de Datos Avanzadas; Base de Datos Relacionales; Diseño de Software; Metodología y Testing,"JavaScript, MongoDB y arquitectura web forman una base parcial","Node.js, React o framework elegido, TypeScript y trabajo integral en producción","JavaScript, MongoDB y arquitectura web forman una base parcial. La valoración de tareas es 2/4 y la de herramientas 1/4 porque resta: Node.js, React o framework elegido, TypeScript y trabajo integral en producción. Preparación operativa: 1/4; la práctica específica no está acreditada para este perfil.","Aplicación completa con roles, persistencia y pruebas entre capas",P2;DEV;NODE;REACT;J_DEV,https://www.onetonline.org/link/summary/15-1252.00 ; https://nodejs.org/learn/getting-started/introduction-to-nodejs ; https://react.dev/learn ; https://jobs.lever.co/steerbridge/718b3135-d15d-4cbc-9541-1cbb8a6f5ec5,DSO290: 46-47; DSO230: 43-44; DSO120: 38-40; DSO200: 35-36; DSO240: 44-45,"Media: programa explícito, desempeño individual no medido",No estimado: faltan programas de optativa/electivo,Internacional general; elegibilidad e idioma se verifican por oferta,2026-09-13,J_DEV,Marco y anuncio de empleador,DSO010;DSO020;DSO030;DSO160;DSO170;DSO270,"200 h curriculares, dominio y desempeño no documentados; aporte específico condicionado",Inferencia analítica del programa; no medición de habilidad individual ni probabilidad de empleo
R036,Front-end y experiencia web,Ingeniero de sistemas de diseño,Design Systems Engineer; UI Engineer,Especialización,Inicial,50,Base parcial; especialización necesaria,Orientación posible tras especialización y proyecto verificable,3,2,1,1,3,48.75,100,DSO200;DSO290;DSO240,Diseño de Software; Programación Web; Metodología y Testing,"Patrones, reutilización y componentes UI aportan base técnica","Tokens, documentación de componentes, accesibilidad y gobernanza de librerías","Patrones, reutilización y componentes UI aportan base técnica. La valoración de tareas es 2/4 y la de herramientas 1/4 porque resta: Tokens, documentación de componentes, accesibilidad y gobernanza de librerías. Preparación operativa: 1/4; la práctica específica no está acreditada para este perfil.",Biblioteca de componentes documentada con pruebas visuales y accesibles,P2;UX;MDN;J_UI,https://www.onetonline.org/link/summary/15-1255.00 ; https://developer.mozilla.org/en-US/curriculum/core/ ; https://jobs.smartrecruiters.com/SopraSteria1/744000139020649-junior-ui-designer?trid=7d1dcdfa-96a8-4e55-bb9c-0db211f5a9b3,DSO200: 35-36; DSO290: 46-47; DSO240: 44-45,"Media: programa explícito, desempeño individual no medido",No estimado: faltan programas de optativa/electivo,Internacional general; elegibilidad e idioma se verifican por oferta,2026-09-13,J_UI,Marco y anuncio de empleador,DSO010;DSO020;DSO030;DSO160;DSO170;DSO270,"200 h curriculares, dominio y desempeño no documentados; aporte específico condicionado",Inferencia analítica del programa; no medición de habilidad individual ni probabilidad de empleo
R104,Ingeniería de datos e inteligencia artificial,Analytics engineer,Analytics Engineer; dbt Developer,Ocupación,Inicial,50,Base parcial; especialización necesaria,Orientación posible tras especialización y proyecto verificable,3,2,1,1,3,48.75,100,DSO120;DSO110;DSO230;DSO240;DSO260,Base de Datos Relacionales; Modelo de Datos; Base de Datos Avanzadas; Metodología y Testing; Computación en la Nube,"SQL, modelado, pruebas y control de versiones son transferibles","dbt u otro framework, almacén cloud, CI y modelos semánticos mantenibles","SQL, modelado, pruebas y control de versiones son transferibles. La valoración de tareas es 2/4 y la de herramientas 1/4 porque resta: dbt u otro framework, almacén cloud, CI y modelos semánticos mantenibles. Preparación operativa: 1/4; la práctica específica no está acreditada para este perfil.",Proyecto de transformaciones versionadas con pruebas y documentación,P2;DE;BI,https://cloud.google.com/learn/certification/data-engineer ; https://www.onetonline.org/link/summary/15-2051.01,DSO120: 38-40; DSO110: 38; DSO230: 43-44; DSO240: 44-45; DSO260: 47-48,"Media: programa explícito, desempeño individual no medido",No estimado: faltan programas de optativa/electivo,Internacional general; elegibilidad e idioma se verifican por oferta,2026-09-13,,Marco ocupacional/técnico; sin anuncio específico asociado,DSO010;DSO020;DSO030;DSO160;DSO170;DSO270,"200 h curriculares, dominio y desempeño no documentados; aporte específico condicionado",Inferencia analítica del programa; no medición de habilidad individual ni probabilidad de empleo
R108,Ingeniería de datos e inteligencia artificial,Ingeniero de almacenes cloud,Cloud Data Warehouse Engineer; Snowflake Engineer,Especialización,Inicial,50,Base parcial; especialización necesaria,Orientación posible tras especialización y proyecto verificable,3,2,1,1,3,48.75,100,DSO230;DSO260;DSO120;DSO110,Base de Datos Avanzadas; Computación en la Nube; Base de Datos Relacionales; Modelo de Datos,"Almacenes, cloud y SQL cubren fundamentos","Motor elegido, cargas, seguridad, escalado, costos y optimización","Almacenes, cloud y SQL cubren fundamentos. La valoración de tareas es 2/4 y la de herramientas 1/4 porque resta: Motor elegido, cargas, seguridad, escalado, costos y optimización. Preparación operativa: 1/4; la práctica específica no está acreditada para este perfil.","Almacén con modelo dimensional, roles y control de consumo",P2;DE;FINOPS,https://cloud.google.com/learn/certification/data-engineer ; https://www.finops.org/framework/,DSO230: 43-44; DSO260: 47-48; DSO120: 38-40; DSO110: 38,"Media: programa explícito, desempeño individual no medido",No estimado: faltan programas de optativa/electivo,Internacional general; elegibilidad e idioma se verifican por oferta,2026-09-13,,Marco ocupacional/técnico; sin anuncio específico asociado,DSO010;DSO020;DSO030;DSO160;DSO170;DSO270,"200 h curriculares, dominio y desempeño no documentados; aporte específico condicionado",Inferencia analítica del programa; no medición de habilidad individual ni probabilidad de empleo
R109,Ingeniería de datos e inteligencia artificial,Ingeniero de extracción de datos web,Web Scraping Engineer; Data Acquisition Engineer,Especialización,Inicial,50,Base parcial; especialización necesaria,Orientación posible tras especialización y proyecto verificable,3,2,1,1,3,48.75,100,DSO290;DSO190;DSO130;DSO150;DSO120,Programación Web; Ciencia de Datos Aplicada; Programación Estructurada; Legislación de las TIC; Base de Datos Relacionales,"Web, datos y programación aportan base para extracción","Python/herramientas, parsers, robustez, límites de acceso y evaluación de permisos","Web, datos y programación aportan base para extracción. La valoración de tareas es 2/4 y la de herramientas 1/4 porque resta: Python/herramientas, parsers, robustez, límites de acceso y evaluación de permisos. Preparación operativa: 1/4; la práctica específica no está acreditada para este perfil.","Extractor de un sitio autorizado con esquema, trazabilidad y validación",P2;J_DE;DE,https://www.diligenciagroup.com/hubfs/2026%20Junior%20Data%20Engineer%20Jobspec%20v1.1.pdf?hsLang=en ; https://cloud.google.com/learn/certification/data-engineer,DSO290: 46-47; DSO190: 34-35; DSO130: 45-46; DSO150: 51; DSO120: 38-40,"Media: programa explícito, desempeño individual no medido",No estimado: faltan programas de optativa/electivo,Internacional general; elegibilidad e idioma se verifican por oferta,2026-09-13,J_DE,Marco y anuncio de empleador,DSO010;DSO020;DSO030;DSO160;DSO170;DSO270,"200 h curriculares, dominio y desempeño no documentados; aporte específico condicionado",Inferencia analítica del programa; no medición de habilidad individual ni probabilidad de empleo
R053,Plataformas empresariales y automatización,Desarrollador ServiceNow,ServiceNow Developer,Especialización,Inicial,50,Base parcial; especialización necesaria,Orientación posible tras especialización y proyecto verificable,3,2,1,1,3,48.75,100,DSO290;DSO080;DSO120;DSO240,Programación Web; Fundamentos de Análisis de Sistemas; Base de Datos Relacionales; Metodología y Testing,"JavaScript, datos y procesos son relevantes para aplicaciones de plataforma","APIs ServiceNow, tablas, flujos, seguridad, ITSM y despliegue","JavaScript, datos y procesos son relevantes para aplicaciones de plataforma. La valoración de tareas es 2/4 y la de herramientas 1/4 porque resta: APIs ServiceNow, tablas, flujos, seguridad, ITSM y despliegue. Preparación operativa: 1/4; la práctica específica no está acreditada para este perfil.","Aplicación de plataforma con flujos, acceso por rol y pruebas",P2;SNOW,https://www.servicenow.com/community/s/cgfwn76974/attachments/cgfwn76974/developer-forum/714196/1/Application%20developer%20exam-blueprint.pdf,DSO290: 46-47; DSO080: 33-34; DSO120: 38-40; DSO240: 44-45,"Media: programa explícito, desempeño individual no medido",No estimado: faltan programas de optativa/electivo,Internacional general; elegibilidad e idioma se verifican por oferta,2026-09-13,,Marco ocupacional/técnico; sin anuncio específico asociado,DSO010;DSO020;DSO030;DSO160;DSO170;DSO270,"200 h curriculares, dominio y desempeño no documentados; aporte específico condicionado",Inferencia analítica del programa; no medición de habilidad individual ni probabilidad de empleo
R059,Plataformas empresariales y automatización,Desarrollador de extensiones y plugins,Plugin Developer; Extension Developer,Especialización,Inicial,50,Base parcial; especialización necesaria,Orientación posible tras especialización y proyecto verificable,3,2,1,1,3,48.75,100,DSO250;DSO200;DSO290;DSO240,Programación Orientada a Objetos; Diseño de Software; Programación Web; Metodología y Testing,"Modularidad, interfaces y pruebas son transferibles","API del producto anfitrión, compatibilidad, permisos y distribución","Modularidad, interfaces y pruebas son transferibles. La valoración de tareas es 2/4 y la de herramientas 1/4 porque resta: API del producto anfitrión, compatibilidad, permisos y distribución. Preparación operativa: 1/4; la práctica específica no está acreditada para este perfil.",Plugin que use sólo APIs públicas y tenga pruebas de compatibilidad,P2;DEV;MDN,https://www.onetonline.org/link/summary/15-1252.00 ; https://developer.mozilla.org/en-US/curriculum/core/,DSO250: 46; DSO200: 35-36; DSO290: 46-47; DSO240: 44-45,"Media: programa explícito, desempeño individual no medido",No estimado: faltan programas de optativa/electivo,Internacional general; elegibilidad e idioma se verifican por oferta,2026-09-13,,Marco ocupacional/técnico; sin anuncio específico asociado,DSO010;DSO020;DSO030;DSO160;DSO170;DSO270,"200 h curriculares, dominio y desempeño no documentados; aporte específico condicionado",Inferencia analítica del programa; no medición de habilidad individual ni probabilidad de empleo
R058,Plataformas empresariales y automatización,Desarrollador de flujos low-code/no-code,Low-code Developer; Workflow Builder,Ocupación,Inicial,50,Base parcial; especialización necesaria,Orientación posible tras especialización y proyecto verificable,3,2,1,1,3,48.75,100,DSO080;DSO110;DSO290;DSO240,Fundamentos de Análisis de Sistemas; Modelo de Datos; Programación Web; Metodología y Testing,"Lógica, datos e interfaces permiten construir flujos con herramientas visuales","Plataforma concreta, límites, seguridad, observabilidad e integraciones","Lógica, datos e interfaces permiten construir flujos con herramientas visuales. La valoración de tareas es 2/4 y la de herramientas 1/4 porque resta: Plataforma concreta, límites, seguridad, observabilidad e integraciones. Preparación operativa: 1/4; la práctica específica no está acreditada para este perfil.","Flujo con validación, manejo de fallos y controles de acceso",P2;POWER;RPA,https://learn.microsoft.com/en-us/credentials/certifications/power-platform-developer-associate/ ; https://academy.uipath.com/learning-plans/automation-developer-associate-training-v202310,DSO080: 33-34; DSO110: 38; DSO290: 46-47; DSO240: 44-45,"Media: programa explícito, desempeño individual no medido",No estimado: faltan programas de optativa/electivo,Internacional general; elegibilidad e idioma se verifican por oferta,2026-09-13,,Marco ocupacional/técnico; sin anuncio específico asociado,DSO010;DSO020;DSO030;DSO160;DSO170;DSO270,"200 h curriculares, dominio y desempeño no documentados; aporte específico condicionado",Inferencia analítica del programa; no medición de habilidad individual ni probabilidad de empleo
R152,"Redes, cloud y DevOps",Desarrollador serverless,Serverless Developer,Especialización,Inicial,50,Base parcial; especialización necesaria,Orientación posible tras especialización y proyecto verificable,3,2,1,1,3,48.75,100,DSO260;DSO290;DSO250;DSO220,Computación en la Nube; Programación Web; Programación Orientada a Objetos; Redes y Sistemas Distribuidos,Servicios cloud y programación de eventos ofrecen una base,"Funciones administradas, eventos, límites, reintentos y observabilidad","Servicios cloud y programación de eventos ofrecen una base. La valoración de tareas es 2/4 y la de herramientas 1/4 porque resta: Funciones administradas, eventos, límites, reintentos y observabilidad. Preparación operativa: 1/4; la práctica específica no está acreditada para este perfil.","Flujo serverless con idempotencia, permisos y alarmas",P2;AWS;GCP,https://aws.amazon.com/certification/certified-developer-associate/ ; https://cloud.google.com/learn/certification/cloud-engineer,DSO260: 47-48; DSO290: 46-47; DSO250: 46; DSO220: 42-43,"Media: programa explícito, desempeño individual no medido",No estimado: faltan programas de optativa/electivo,Internacional general; elegibilidad e idioma se verifican por oferta,2026-09-13,,Marco ocupacional/técnico; sin anuncio específico asociado,DSO010;DSO020;DSO030;DSO160;DSO170;DSO270,"200 h curriculares, dominio y desempeño no documentados; aporte específico condicionado",Inferencia analítica del programa; no medición de habilidad individual ni probabilidad de empleo
R154,"Redes, cloud y DevOps",Ingeniero de CI/CD,CI/CD Engineer; Build and Release Engineer,Especialización,Inicial,50,Base parcial; especialización necesaria,Orientación posible tras especialización y proyecto verificable,3,2,1,1,3,48.75,100,DSO260;DSO240;DSO250;DSO210,Computación en la Nube; Metodología y Testing; Programación Orientada a Objetos; Sistemas Operativos Aplicados,"Versiones, pruebas y sistemas ayudan a automatizar entregas","Herramienta CI, artefactos, runners, promoción y seguridad de cadena de suministro","Versiones, pruebas y sistemas ayudan a automatizar entregas. La valoración de tareas es 2/4 y la de herramientas 1/4 porque resta: Herramienta CI, artefactos, runners, promoción y seguridad de cadena de suministro. Preparación operativa: 1/4; la práctica específica no está acreditada para este perfil.","Pipeline reproducible con pruebas, artefactos y aprobación de liberación",P2;DEV;J_AUTO;J_DEVOPS,https://www.onetonline.org/link/summary/15-1252.00 ; https://jobs.smartrecruiters.com/Inetum2/744000142569136-qa-automation-engineer-junior-java-developer?trid=7d1dcdfa-96a8-4e55-bb9c-0db211f5a9b3 ; https://jobs.smartrecruiters.com/TimocomGmbH1/744000121363118-devops-engineer-m-w-d-,DSO260: 47-48; DSO240: 44-45; DSO250: 46; DSO210: 40-42,"Media: programa explícito, desempeño individual no medido",No estimado: faltan programas de optativa/electivo,Internacional general; elegibilidad e idioma se verifican por oferta,2026-09-13,J_AUTO;J_DEVOPS,Marco y anuncio de empleador,DSO010;DSO020;DSO030;DSO160;DSO170;DSO270,"200 h curriculares, dominio y desempeño no documentados; aporte específico condicionado",Inferencia analítica del programa; no medición de habilidad individual ni probabilidad de empleo
R159,"Redes, cloud y DevOps",Ingeniero de observabilidad,Observability Engineer; Monitoring Engineer,Especialización,Inicial,50,Base parcial; especialización necesaria,Orientación posible tras especialización y proyecto verificable,3,2,1,1,3,48.75,100,DSO220;DSO210;DSO250;DSO260,Redes y Sistemas Distribuidos; Sistemas Operativos Aplicados; Programación Orientada a Objetos; Computación en la Nube,Sistemas distribuidos y programación ayudan a instrumentar servicios,"Métricas, logs, trazas, instrumentación y plataformas de observabilidad","Sistemas distribuidos y programación ayudan a instrumentar servicios. La valoración de tareas es 2/4 y la de herramientas 1/4 porque resta: Métricas, logs, trazas, instrumentación y plataformas de observabilidad. Preparación operativa: 1/4; la práctica específica no está acreditada para este perfil.",Diagnosticar una degradación mediante señales correlacionadas,P2;SRE;J_OBS,https://sre.google/sre-book/monitoring-distributed-systems/ ; https://job-boards.greenhouse.io/canonical/jobs/2166631?gh_src=5d948ffe1us,DSO220: 42-43; DSO210: 40-42; DSO250: 46; DSO260: 47-48,"Media: programa explícito, desempeño individual no medido",No estimado: faltan programas de optativa/electivo,Internacional general; elegibilidad e idioma se verifican por oferta,2026-09-13,J_OBS,Marco y anuncio de empleador,DSO010;DSO020;DSO030;DSO160;DSO170;DSO270,"200 h curriculares, dominio y desempeño no documentados; aporte específico condicionado",Inferencia analítica del programa; no medición de habilidad individual ni probabilidad de empleo
R147,"Redes, cloud y DevOps",Ingeniero de redes cloud,Cloud Network Engineer,Especialización,Inicial,50,Base parcial; especialización necesaria,Orientación posible tras especialización y proyecto verificable,3,2,1,1,3,48.75,100,DSO220;DSO260;DSO210,Redes y Sistemas Distribuidos; Computación en la Nube; Sistemas Operativos Aplicados,"Cloud, IP, VPN y distribución permiten comprender redes virtuales","VPC/VNet, rutas, balanceo, conectividad híbrida y seguridad del proveedor","Cloud, IP, VPN y distribución permiten comprender redes virtuales. La valoración de tareas es 2/4 y la de herramientas 1/4 porque resta: VPC/VNet, rutas, balanceo, conectividad híbrida y seguridad del proveedor. Preparación operativa: 1/4; la práctica específica no está acreditada para este perfil.","Red cloud con acceso privado, registros y fallos controlados",P2;GCP;AZURE;NET,https://cloud.google.com/learn/certification/cloud-engineer ; https://learn.microsoft.com/en-us/credentials/certifications/resources/study-guides/az-104 ; https://www.cisco.com/site/us/en/learn/training-certifications/exams/ccna.html,DSO220: 42-43; DSO260: 47-48; DSO210: 40-42,"Media: programa explícito, desempeño individual no medido",No estimado: faltan programas de optativa/electivo,Internacional general; elegibilidad e idioma se verifican por oferta,2026-09-13,,Marco ocupacional/técnico; sin anuncio específico asociado,DSO010;DSO020;DSO030;DSO160;DSO170;DSO270,"200 h curriculares, dominio y desempeño no documentados; aporte específico condicionado",Inferencia analítica del programa; no medición de habilidad individual ni probabilidad de empleo
R233,Sistemas especializados y ocupaciones digitales adyacentes,Desarrollador de software sanitario,Healthcare Software Developer; Clinical Systems Developer,Especialización,Inicial,50,Base parcial; especialización necesaria,Orientación posible tras especialización y proyecto verificable,3,2,1,1,3,48.75,100,DSO250;DSO290;DSO120;DSO150;DSO240,Programación Orientada a Objetos; Programación Web; Base de Datos Relacionales; Legislación de las TIC; Metodología y Testing,"Software, bases, privacidad y testing cubren parte técnica general","Interoperabilidad sanitaria, procesos clínicos y requisitos de validación aplicables","Software, bases, privacidad y testing cubren parte técnica general. La valoración de tareas es 2/4 y la de herramientas 1/4 porque resta: Interoperabilidad sanitaria, procesos clínicos y requisitos de validación aplicables. Preparación operativa: 1/4; la práctica específica no está acreditada para este perfil.",Integración de prueba con datos sintéticos y controles de acceso,P2;DEV;BA;ASVS,https://www.onetonline.org/link/summary/15-1252.00 ; https://www.onetonline.org/link/summary/15-1211.00 ; https://owasp.github.io/www-project-application-security-verification-standard/,DSO250: 46; DSO290: 46-47; DSO120: 38-40; DSO150: 51; DSO240: 44-45,"Media: programa explícito, desempeño individual no medido",No estimado: faltan programas de optativa/electivo,Internacional general; elegibilidad e idioma se verifican por oferta,2026-09-13,,Marco ocupacional/técnico; sin anuncio específico asociado,DSO010;DSO020;DSO030;DSO160;DSO170;DSO270,"200 h curriculares, dominio y desempeño no documentados; aporte específico condicionado",Inferencia analítica del programa; no medición de habilidad individual ni probabilidad de empleo
R212,Sistemas especializados y ocupaciones digitales adyacentes,Desarrollador de soluciones IoT,IoT Developer; IoT Software Engineer,Especialización,Inicial,50,Base parcial; especialización necesaria,Orientación posible tras especialización y proyecto verificable,3,2,1,1,3,48.75,100,DSO090;DSO220;DSO260;DSO290;DSO120,Arquitectura de Hardware Computacional; Redes y Sistemas Distribuidos; Computación en la Nube; Programación Web; Base de Datos Relacionales,"Une sensores, redes, cloud y almacenamiento","Protocolos IoT, gestión de dispositivos, firmware y seguridad de extremo a extremo","Une sensores, redes, cloud y almacenamiento. La valoración de tareas es 2/4 y la de herramientas 1/4 porque resta: Protocolos IoT, gestión de dispositivos, firmware y seguridad de extremo a extremo. Preparación operativa: 1/4; la práctica específica no está acreditada para este perfil.","Dispositivo simulado o real con telemetría, reconexión y autenticación",P2;DEV;HW;GCP,https://www.onetonline.org/link/summary/15-1252.00 ; https://www.onetonline.org/link/summary/17-2061.00 ; https://cloud.google.com/learn/certification/cloud-engineer,DSO090: 36-37; DSO220: 42-43; DSO260: 47-48; DSO290: 46-47; DSO120: 38-40,"Media: programa explícito, desempeño individual no medido",No estimado: faltan programas de optativa/electivo,Internacional general; elegibilidad e idioma se verifican por oferta,2026-09-13,,Marco ocupacional/técnico; sin anuncio específico asociado,DSO010;DSO020;DSO030;DSO160;DSO170;DSO270,"200 h curriculares, dominio y desempeño no documentados; aporte específico condicionado",Inferencia analítica del programa; no medición de habilidad individual ni probabilidad de empleo
R137,Soporte y operación de sistemas,Administrador de endpoints/MDM,Endpoint Administrator; Intune Administrator; MDM Administrator,Especialización,Inicial,50,Base parcial; especialización necesaria,Orientación posible tras especialización y proyecto verificable,3,2,1,1,3,48.75,100,DSO210;DSO300;DSO260,Sistemas Operativos Aplicados; Programación de Aplicaciones para Celulares; Computación en la Nube,Administración Windows y móvil facilita comprender dispositivos gestionados,"Intune/Jamf u otra plataforma, enrolamiento, cumplimiento y despliegue de apps","Administración Windows y móvil facilita comprender dispositivos gestionados. La valoración de tareas es 2/4 y la de herramientas 1/4 porque resta: Intune/Jamf u otra plataforma, enrolamiento, cumplimiento y despliegue de apps. Preparación operativa: 1/4; la práctica específica no está acreditada para este perfil.",Configurar dispositivos de prueba con políticas y borrado controlado,P2;SYS;AZURE,https://www.onetonline.org/link/summary/15-1244.00 ; https://learn.microsoft.com/en-us/credentials/certifications/resources/study-guides/az-104,DSO210: 40-42; DSO300: 47; DSO260: 47-48,"Media: programa explícito, desempeño individual no medido",No estimado: faltan programas de optativa/electivo,Internacional general; elegibilidad e idioma se verifican por oferta,2026-09-13,,Marco ocupacional/técnico; sin anuncio específico asociado,DSO010;DSO020;DSO030;DSO160;DSO170;DSO270,"200 h curriculares, dominio y desempeño no documentados; aporte específico condicionado",Inferencia analítica del programa; no medición de habilidad individual ni probabilidad de empleo
R138,Soporte y operación de sistemas,Administrador de virtualización,Virtualization Administrator; VMware Administrator,Especialización,Inicial,50,Base parcial; especialización necesaria,Orientación posible tras especialización y proyecto verificable,3,2,1,1,3,48.75,100,DSO100;DSO210;DSO090;DSO220,Introducción a los Sistemas Operativos; Sistemas Operativos Aplicados; Arquitectura de Hardware Computacional; Redes y Sistemas Distribuidos,"Máquinas virtuales, memoria y redes aportan conceptos fundamentales","Hipervisor elegido, clústeres, almacenamiento, respaldo y capacidad","Máquinas virtuales, memoria y redes aportan conceptos fundamentales. La valoración de tareas es 2/4 y la de herramientas 1/4 porque resta: Hipervisor elegido, clústeres, almacenamiento, respaldo y capacidad. Preparación operativa: 1/4; la práctica específica no está acreditada para este perfil.","Entorno virtual con redes, recursos y recuperación de una VM",P2;SYS;GCP,https://www.onetonline.org/link/summary/15-1244.00 ; https://cloud.google.com/learn/certification/cloud-engineer,DSO100: 37-38; DSO210: 40-42; DSO090: 36-37; DSO220: 42-43,"Media: programa explícito, desempeño individual no medido",No estimado: faltan programas de optativa/electivo,Internacional general; elegibilidad e idioma se verifican por oferta,2026-09-13,,Marco ocupacional/técnico; sin anuncio específico asociado,DSO010;DSO020;DSO030;DSO160;DSO170;DSO270,"200 h curriculares, dominio y desempeño no documentados; aporte específico condicionado",Inferencia analítica del programa; no medición de habilidad individual ni probabilidad de empleo
R129,Soporte y operación de sistemas,Ingeniero de soporte cloud,Cloud Support Associate; Cloud Support Engineer,Especialización,Inicial,50,Base parcial; especialización necesaria,Orientación posible tras especialización y proyecto verificable,3,2,2,1,2,51.25,100,DSO260;DSO210;DSO220;DSO120,Computación en la Nube; Sistemas Operativos Aplicados; Redes y Sistemas Distribuidos; Base de Datos Relacionales,"Cloud, Linux, redes y bases de datos cubren fundamentos de diagnóstico","Servicios del proveedor, IAM, monitoreo, casos reales y comunicación con clientes","Cloud, Linux, redes y bases de datos cubren fundamentos de diagnóstico. La valoración de tareas es 2/4 y la de herramientas 2/4 porque resta: Servicios del proveedor, IAM, monitoreo, casos reales y comunicación con clientes. Preparación operativa: 1/4; la práctica específica no está acreditada para este perfil.",Resolver un caso de conectividad o permisos con registro de pasos,P2;GCP;AWS;SUP,https://cloud.google.com/learn/certification/cloud-engineer ; https://aws.amazon.com/certification/certified-developer-associate/ ; https://www.onetonline.org/link/summary/15-1232.00,DSO260: 47-48; DSO210: 40-42; DSO220: 42-43; DSO120: 38-40,"Media: programa explícito, desempeño individual no medido",No estimado: faltan programas de optativa/electivo,Internacional general; elegibilidad e idioma se verifican por oferta,2026-09-13,,Marco ocupacional/técnico; sin anuncio específico asociado,DSO010;DSO020;DSO030;DSO160;DSO170;DSO270,"200 h curriculares, dominio y desempeño no documentados; aporte específico condicionado",Inferencia analítica del programa; no medición de habilidad individual ni probabilidad de empleo
R130,Soporte y operación de sistemas,Técnico de operaciones de centro de datos,Data Center Technician,Ocupación,Inicial,50,Base parcial; especialización necesaria,Orientación posible tras especialización y proyecto verificable,3,2,1,1,3,48.75,100,DSO090;DSO210;DSO220,Arquitectura de Hardware Computacional; Sistemas Operativos Aplicados; Redes y Sistemas Distribuidos,"Hardware, sistemas y redes aportan base de infraestructura","Racks, cableado físico, procedimientos de energía, inventario y operación presencial","Hardware, sistemas y redes aportan base de infraestructura. La valoración de tareas es 2/4 y la de herramientas 1/4 porque resta: Racks, cableado físico, procedimientos de energía, inventario y operación presencial. Preparación operativa: 1/4; la práctica específica no está acreditada para este perfil.",Ejecutar una intervención documentada con identificación y verificación de equipos,P2;HW;SYS;NET,https://www.onetonline.org/link/summary/17-2061.00 ; https://www.onetonline.org/link/summary/15-1244.00 ; https://www.cisco.com/site/us/en/learn/training-certifications/exams/ccna.html,DSO090: 36-37; DSO210: 40-42; DSO220: 42-43,"Media: programa explícito, desempeño individual no medido",No estimado: faltan programas de optativa/electivo,Internacional general; elegibilidad e idioma se verifican por oferta,2026-09-13,,Marco ocupacional/técnico; sin anuncio específico asociado,DSO010;DSO020;DSO030;DSO160;DSO170;DSO270,"200 h curriculares, dominio y desempeño no documentados; aporte específico condicionado",Inferencia analítica del programa; no medición de habilidad individual ni probabilidad de empleo
R098,Analítica e inteligencia de negocio,Analista de analítica web,Web Analytics Analyst; Digital Analytics Analyst,Especialización,Inicial,45,Base parcial; especialización necesaria,Orientación posible tras especialización y proyecto verificable,3,2,1,1,2,46.25,100,DSO190;DSO290;DSO060;DSO150,Ciencia de Datos Aplicada; Programación Web; Álgebra y Estadística; Legislación de las TIC,"Datos web, estadística y privacidad facilitan interpretar comportamiento","GA4 u otra plataforma, etiquetado, consentimiento y calidad de eventos","Datos web, estadística y privacidad facilitan interpretar comportamiento. La valoración de tareas es 2/4 y la de herramientas 1/4 porque resta: GA4 u otra plataforma, etiquetado, consentimiento y calidad de eventos. Preparación operativa: 1/4; la práctica específica no está acreditada para este perfil.",Plan de medición y validación de eventos con reporte de sesgos,P2;BI;MDN,https://www.onetonline.org/link/summary/15-2051.01 ; https://developer.mozilla.org/en-US/curriculum/core/,DSO190: 34-35; DSO290: 46-47; DSO060: 32-33; DSO150: 51,"Media: programa explícito, desempeño individual no medido",No estimado: faltan programas de optativa/electivo,Internacional general; elegibilidad e idioma se verifican por oferta,2026-09-13,,Marco ocupacional/técnico; sin anuncio específico asociado,DSO010;DSO020;DSO030;DSO160;DSO170;DSO270,"200 h curriculares, dominio y desempeño no documentados; aporte específico condicionado",Inferencia analítica del programa; no medición de habilidad individual ni probabilidad de empleo
R097,Analítica e inteligencia de negocio,Analista de producto digital,Product Analyst,Especialización,Inicial,45,Base parcial; especialización necesaria,Orientación posible tras especialización y proyecto verificable,3,2,1,1,2,46.25,100,DSO190;DSO060;DSO080;DSO290,Ciencia de Datos Aplicada; Álgebra y Estadística; Fundamentos de Análisis de Sistemas; Programación Web,"Estadística, datos y comprensión de software aportan base","Instrumentación de eventos, embudos, cohortes, experimentación y métricas de producto","Estadística, datos y comprensión de software aportan base. La valoración de tareas es 2/4 y la de herramientas 1/4 porque resta: Instrumentación de eventos, embudos, cohortes, experimentación y métricas de producto. Preparación operativa: 1/4; la práctica específica no está acreditada para este perfil.",Analizar un embudo con definiciones y limitaciones de causalidad,P2;DS;BI;IIBA,https://www.onetonline.org/link/summary/15-2051.00 ; https://www.onetonline.org/link/summary/15-2051.01 ; https://www.iiba.org/knowledgehub/the-business-analysis-standard/,DSO190: 34-35; DSO060: 32-33; DSO080: 33-34; DSO290: 46-47,"Media: programa explícito, desempeño individual no medido",No estimado: faltan programas de optativa/electivo,Internacional general; elegibilidad e idioma se verifican por oferta,2026-09-13,,Marco ocupacional/técnico; sin anuncio específico asociado,DSO010;DSO020;DSO030;DSO160;DSO170;DSO270,"200 h curriculares, dominio y desempeño no documentados; aporte específico condicionado",Inferencia analítica del programa; no medición de habilidad individual ni probabilidad de empleo
R095,Analítica e inteligencia de negocio,Desarrollador Looker,Looker Developer; LookML Developer,Especialización,Inicial,45,Base parcial; especialización necesaria,Orientación posible tras especialización y proyecto verificable,3,2,0,1,3,43.75,100,DSO110;DSO120;DSO230;DSO190,Modelo de Datos; Base de Datos Relacionales; Base de Datos Avanzadas; Ciencia de Datos Aplicada,Modelado y SQL permiten comprender la capa semántica,"LookML, gobierno de métricas, permisos y publicación del modelo","Modelado y SQL permiten comprender la capa semántica. La valoración de tareas es 2/4 y la de herramientas 0/4 porque resta: LookML, gobierno de métricas, permisos y publicación del modelo. Preparación operativa: 1/4; la práctica específica no está acreditada para este perfil.",Modelo semántico con métricas reutilizables y pruebas de consistencia,P2;BI;DE,https://www.onetonline.org/link/summary/15-2051.01 ; https://cloud.google.com/learn/certification/data-engineer,DSO110: 38; DSO120: 38-40; DSO230: 43-44; DSO190: 34-35,"Media: programa explícito, desempeño individual no medido",No estimado: faltan programas de optativa/electivo,Internacional general; elegibilidad e idioma se verifican por oferta,2026-09-13,,Marco ocupacional/técnico; sin anuncio específico asociado,DSO010;DSO020;DSO030;DSO160;DSO170;DSO270,"200 h curriculares, dominio y desempeño no documentados; aporte específico condicionado",Inferencia analítica del programa; no medición de habilidad individual ni probabilidad de empleo
R093,Analítica e inteligencia de negocio,Desarrollador Power BI,Power BI Developer; Power BI Analyst,Especialización,Inicial,45,Base parcial; especialización necesaria,Orientación posible tras especialización y proyecto verificable,3,2,0,1,3,43.75,100,DSO230;DSO190;DSO120;DSO110,Base de Datos Avanzadas; Ciencia de Datos Aplicada; Base de Datos Relacionales; Modelo de Datos,Conceptos BI y datos relacionales se transfieren,"Power Query, DAX, modelo semántico, servicio y seguridad de Power BI","Conceptos BI y datos relacionales se transfieren. La valoración de tareas es 2/4 y la de herramientas 0/4 porque resta: Power Query, DAX, modelo semántico, servicio y seguridad de Power BI. Preparación operativa: 1/4; la práctica específica no está acreditada para este perfil.","Panel con DAX, relaciones correctas, actualización y acceso por rol",P2;PBI;J_DATA,https://learn.microsoft.com/en-us/credentials/certifications/resources/study-guides/pl-300 ; https://jobs.smartrecruiters.com/REPAGROUP/744000137445029-junior-data-analyst-data-operations-specialist-m-f-d-?trid=7d1dcdfa-96a8-4e55-bb9c-0db211f5a9b3,DSO230: 43-44; DSO190: 34-35; DSO120: 38-40; DSO110: 38,"Media: programa explícito, desempeño individual no medido",No estimado: faltan programas de optativa/electivo,Internacional general; elegibilidad e idioma se verifican por oferta,2026-09-13,J_DATA,Marco y anuncio de empleador,DSO010;DSO020;DSO030;DSO160;DSO170;DSO270,"200 h curriculares, dominio y desempeño no documentados; aporte específico condicionado",Inferencia analítica del programa; no medición de habilidad individual ni probabilidad de empleo
R094,Analítica e inteligencia de negocio,Desarrollador Tableau,Tableau Developer; Tableau Analyst,Especialización,Inicial,45,Base parcial; especialización necesaria,Orientación posible tras especialización y proyecto verificable,3,2,0,1,3,43.75,100,DSO230;DSO190;DSO060;DSO120,Base de Datos Avanzadas; Ciencia de Datos Aplicada; Álgebra y Estadística; Base de Datos Relacionales,"BI, visualización y SQL proporcionan base","Tableau, cálculos, modelo de fuentes, publicación y rendimiento","BI, visualización y SQL proporcionan base. La valoración de tareas es 2/4 y la de herramientas 0/4 porque resta: Tableau, cálculos, modelo de fuentes, publicación y rendimiento. Preparación operativa: 1/4; la práctica específica no está acreditada para este perfil.","Dashboard con filtros, métricas documentadas y validación de agregaciones",P2;BI,https://www.onetonline.org/link/summary/15-2051.01,DSO230: 43-44; DSO190: 34-35; DSO060: 32-33; DSO120: 38-40,"Media: programa explícito, desempeño individual no medido",No estimado: faltan programas de optativa/electivo,Internacional general; elegibilidad e idioma se verifican por oferta,2026-09-13,,Marco ocupacional/técnico; sin anuncio específico asociado,DSO010;DSO020;DSO030;DSO160;DSO170;DSO270,"200 h curriculares, dominio y desempeño no documentados; aporte específico condicionado",Inferencia analítica del programa; no medición de habilidad individual ni probabilidad de empleo
R190,"Análisis, producto, diseño y relación con clientes",Analista de procesos de negocio,Business Process Analyst,Ocupación,Inicial,45,Base parcial; especialización necesaria,Orientación posible tras especialización y proyecto verificable,3,2,1,1,2,46.25,100,DSO080;DSO140;DSO040;DSO190,Fundamentos de Análisis de Sistemas; Emprendedurismo; Taller de Tecnología; Ciencia de Datos Aplicada,"Organizaciones, análisis y estimación permiten estudiar procesos","BPMN detallado, medición de desempeño, cambio organizacional y dominio sectorial","Organizaciones, análisis y estimación permiten estudiar procesos. La valoración de tareas es 2/4 y la de herramientas 1/4 porque resta: BPMN detallado, medición de desempeño, cambio organizacional y dominio sectorial. Preparación operativa: 1/4; la práctica específica no está acreditada para este perfil.","Modelo actual/futuro con causas, métricas y criterios de mejora",P2;IIBA;BA,https://www.iiba.org/knowledgehub/the-business-analysis-standard/ ; https://www.onetonline.org/link/summary/15-1211.00,DSO080: 33-34; DSO140: 49-50; DSO040: 28-29; DSO190: 34-35,"Media: programa explícito, desempeño individual no medido",No estimado: faltan programas de optativa/electivo,Internacional general; elegibilidad e idioma se verifican por oferta,2026-09-13,,Marco ocupacional/técnico; sin anuncio específico asociado,DSO010;DSO020;DSO030;DSO160;DSO170;DSO270,"200 h curriculares, dominio y desempeño no documentados; aporte específico condicionado",Inferencia analítica del programa; no medición de habilidad individual ni probabilidad de empleo
R197,"Análisis, producto, diseño y relación con clientes",Diseñador UX junior,Junior UX Designer; Interaction Designer,Ocupación,Inicial,45,Base parcial; especialización necesaria,Orientación posible tras especialización y proyecto verificable,3,2,1,1,2,46.25,100,DSO200;DSO080;DSO040;DSO240,Diseño de Software; Fundamentos de Análisis de Sistemas; Taller de Tecnología; Metodología y Testing,"Interacción, evaluación de usabilidad y requisitos son relevantes","Investigación aplicada, síntesis, prototipado y portfolio de decisiones","Interacción, evaluación de usabilidad y requisitos son relevantes. La valoración de tareas es 2/4 y la de herramientas 1/4 porque resta: Investigación aplicada, síntesis, prototipado y portfolio de decisiones. Preparación operativa: 1/4; la práctica específica no está acreditada para este perfil.","Estudio de un flujo con investigación, prototipo y prueba con usuarios",P2;UX;A11Y,https://www.onetonline.org/link/summary/15-1255.00 ; https://www.w3.org/WAI/curricula/,DSO200: 35-36; DSO080: 33-34; DSO040: 28-29; DSO240: 44-45,"Media: programa explícito, desempeño individual no medido",No estimado: faltan programas de optativa/electivo,Internacional general; elegibilidad e idioma se verifican por oferta,2026-09-13,,Marco ocupacional/técnico; sin anuncio específico asociado,DSO010;DSO020;DSO030;DSO160;DSO170;DSO270,"200 h curriculares, dominio y desempeño no documentados; aporte específico condicionado",Inferencia analítica del programa; no medición de habilidad individual ni probabilidad de empleo
R205,"Análisis, producto, diseño y relación con clientes",Especialista en relaciones con desarrolladores,Developer Advocate; DevRel Engineer,Ocupación,Inicial,45,Base parcial; especialización necesaria,Orientación posible tras especialización y proyecto verificable,3,2,1,1,2,46.25,100,DSO010;DSO250;DSO290;DSO270;DSO170,Comprensión y Producción de Textos; Programación Orientada a Objetos; Programación Web; Técnicas Laborales para el Desarrollo de Software; Comunicación en Idioma Inglés,Programación y comunicación ofrecen base para ejemplos y contenidos,"Profundidad de producto, comunidad, exposición pública e inglés profesional","Programación y comunicación ofrecen base para ejemplos y contenidos. La valoración de tareas es 2/4 y la de herramientas 1/4 porque resta: Profundidad de producto, comunidad, exposición pública e inglés profesional. Preparación operativa: 1/4; la práctica específica no está acreditada para este perfil.",Ejemplo técnico ejecutable acompañado de tutorial y demostración,P2;DEV;WRITE;SFIA,https://www.onetonline.org/link/summary/15-1252.00 ; https://www.onetonline.org/link/summary/27-3042.00 ; https://sfia-online.org/en/the-sfia-framework,DSO010: 23-25; DSO250: 46; DSO290: 46-47; DSO270: 29-30; DSO170: 26,"Media: programa explícito, desempeño individual no medido",No estimado: faltan programas de optativa/electivo,Internacional general; elegibilidad e idioma se verifican por oferta,2026-09-13,,Marco ocupacional/técnico; sin anuncio específico asociado,DSO020;DSO030;DSO160,"200 h curriculares, dominio y desempeño no documentados; aporte específico condicionado",Inferencia analítica del programa; no medición de habilidad individual ni probabilidad de empleo
R202,"Análisis, producto, diseño y relación con clientes",Ingeniero de preventa asociado,Associate Solutions Engineer; Sales Engineer,Ocupación,Inicial,45,Base parcial; especialización necesaria,Orientación posible tras especialización y proyecto verificable,3,2,1,1,2,46.25,100,DSO080;DSO260;DSO220;DSO270;DSO140,Fundamentos de Análisis de Sistemas; Computación en la Nube; Redes y Sistemas Distribuidos; Técnicas Laborales para el Desarrollo de Software; Emprendedurismo,"Necesidades, tecnología y exposición aportan base de demostración","Producto, discovery comercial, propuesta de valor y comunicación de ventas","Necesidades, tecnología y exposición aportan base de demostración. La valoración de tareas es 2/4 y la de herramientas 1/4 porque resta: Producto, discovery comercial, propuesta de valor y comunicación de ventas. Preparación operativa: 1/4; la práctica específica no está acreditada para este perfil.",Demostración que resuelva un caso y justifique decisiones y límites,P2;J_SE;BA;SFIA,https://job-boards.greenhouse.io/cloudflare/jobs/8152697 ; https://www.onetonline.org/link/summary/15-1211.00 ; https://sfia-online.org/en/the-sfia-framework,DSO080: 33-34; DSO260: 47-48; DSO220: 42-43; DSO270: 29-30; DSO140: 49-50,"Media: programa explícito, desempeño individual no medido",No estimado: faltan programas de optativa/electivo,Internacional general; elegibilidad e idioma se verifican por oferta,2026-09-13,J_SE,Marco y anuncio de empleador,DSO010;DSO020;DSO030;DSO160;DSO170,"200 h curriculares, dominio y desempeño no documentados; aporte específico condicionado",Inferencia analítica del programa; no medición de habilidad individual ni probabilidad de empleo
R204,"Análisis, producto, diseño y relación con clientes",Instructor técnico de software,Technical Trainer; Software Trainer,Ocupación adyacente,Inicial,45,Base parcial; especialización necesaria,Orientación posible tras especialización y proyecto verificable,3,2,1,1,2,46.25,100,DSO010;DSO030;DSO250;DSO270,Comprensión y Producción de Textos; Desarrollo del Pensamiento y Desempeño de Roles; Programación Orientada a Objetos; Técnicas Laborales para el Desarrollo de Software,Dominio introductorio de software y exposición permiten explicar tareas básicas,"Didáctica, diseño de cursos, evaluación y profundidad del producto a enseñar","Dominio introductorio de software y exposición permiten explicar tareas básicas. La valoración de tareas es 2/4 y la de herramientas 1/4 porque resta: Didáctica, diseño de cursos, evaluación y profundidad del producto a enseñar. Preparación operativa: 1/4; la práctica específica no está acreditada para este perfil.","Taller con objetivos, ejercicios y evaluación de aprendizaje",P2;WRITE;SFIA,https://www.onetonline.org/link/summary/27-3042.00 ; https://sfia-online.org/en/the-sfia-framework,DSO010: 23-25; DSO030: 26-28; DSO250: 46; DSO270: 29-30,"Media: programa explícito, desempeño individual no medido",No estimado: faltan programas de optativa/electivo,Internacional general; elegibilidad e idioma se verifican por oferta,2026-09-13,,Marco ocupacional/técnico; sin anuncio específico asociado,DSO020;DSO160;DSO170,"200 h curriculares, dominio y desempeño no documentados; aporte específico condicionado",Inferencia analítica del programa; no medición de habilidad individual ni probabilidad de empleo
R083,Bases de datos y gestión de datos,Administrador Oracle Database,Oracle DBA,Especialización,Inicial,45,Base parcial; especialización necesaria,Orientación posible tras especialización y proyecto verificable,3,2,0,1,3,43.75,100,DSO120;DSO210;DSO110,Base de Datos Relacionales; Sistemas Operativos Aplicados; Modelo de Datos,"Bases relacionales, sistemas y seguridad aportan base","Arquitectura Oracle, PL/SQL, RMAN, almacenamiento y herramientas propias","Bases relacionales, sistemas y seguridad aportan base. La valoración de tareas es 2/4 y la de herramientas 0/4 porque resta: Arquitectura Oracle, PL/SQL, RMAN, almacenamiento y herramientas propias. Preparación operativa: 1/4; la práctica específica no está acreditada para este perfil.",Restaurar una instancia de laboratorio y diagnosticar una consulta,P2;DBA,https://www.onetonline.org/link/summary/15-1242.00,DSO120: 38-40; DSO210: 40-42; DSO110: 38,"Media: programa explícito, desempeño individual no medido",No estimado: faltan programas de optativa/electivo,Internacional general; elegibilidad e idioma se verifican por oferta,2026-09-13,,Marco ocupacional/técnico; sin anuncio específico asociado,DSO010;DSO020;DSO030;DSO160;DSO170;DSO270,"200 h curriculares, dominio y desempeño no documentados; aporte específico condicionado",Inferencia analítica del programa; no medición de habilidad individual ni probabilidad de empleo
R082,Bases de datos y gestión de datos,Administrador SQL Server,SQL Server DBA,Especialización,Inicial,45,Base parcial; especialización necesaria,Orientación posible tras especialización y proyecto verificable,3,2,0,1,3,43.75,100,DSO120;DSO210;DSO110,Base de Datos Relacionales; Sistemas Operativos Aplicados; Modelo de Datos,Administración relacional y Windows Server se transfieren,"SQL Server, T-SQL, SQL Agent, recuperación y alta disponibilidad propios","Administración relacional y Windows Server se transfieren. La valoración de tareas es 2/4 y la de herramientas 0/4 porque resta: SQL Server, T-SQL, SQL Agent, recuperación y alta disponibilidad propios. Preparación operativa: 1/4; la práctica específica no está acreditada para este perfil.","Administrar una instancia con trabajos, seguridad y restauración",P2;DBA;J_NET,https://www.onetonline.org/link/summary/15-1242.00 ; https://jobs.smartrecruiters.com/Tietoevry1/744000114916473-junior-middle-net-software-engineer-tieto-tech-consulting-m-f-d-,DSO120: 38-40; DSO210: 40-42; DSO110: 38,"Media: programa explícito, desempeño individual no medido",No estimado: faltan programas de optativa/electivo,Internacional general; elegibilidad e idioma se verifican por oferta,2026-09-13,J_NET,Marco y anuncio de empleador,DSO010;DSO020;DSO030;DSO160;DSO170;DSO270,"200 h curriculares, dominio y desempeño no documentados; aporte específico condicionado",Inferencia analítica del programa; no medición de habilidad individual ni probabilidad de empleo
R088,Bases de datos y gestión de datos,Analista de datos maestros,Master Data Analyst; MDM Analyst,Especialización,Inicial,45,Base parcial; especialización necesaria,Orientación posible tras especialización y proyecto verificable,3,2,1,1,2,46.25,100,DSO110;DSO120;DSO080;DSO190,Modelo de Datos; Base de Datos Relacionales; Fundamentos de Análisis de Sistemas; Ciencia de Datos Aplicada,"Entidades, integridad y análisis de procesos aportan base","Dominios maestros, deduplicación, stewardship y plataforma MDM","Entidades, integridad y análisis de procesos aportan base. La valoración de tareas es 2/4 y la de herramientas 1/4 porque resta: Dominios maestros, deduplicación, stewardship y plataforma MDM. Preparación operativa: 1/4; la práctica específica no está acreditada para este perfil.",Unificar registros con reglas de coincidencia y revisión de excepciones,P2;BI;J_DATA,https://www.onetonline.org/link/summary/15-2051.01 ; https://jobs.smartrecruiters.com/REPAGROUP/744000137445029-junior-data-analyst-data-operations-specialist-m-f-d-?trid=7d1dcdfa-96a8-4e55-bb9c-0db211f5a9b3,DSO110: 38; DSO120: 38-40; DSO080: 33-34; DSO190: 34-35,"Media: programa explícito, desempeño individual no medido",No estimado: faltan programas de optativa/electivo,Internacional general; elegibilidad e idioma se verifican por oferta,2026-09-13,J_DATA,Marco y anuncio de empleador,DSO010;DSO020;DSO030;DSO160;DSO170;DSO270,"200 h curriculares, dominio y desempeño no documentados; aporte específico condicionado",Inferencia analítica del programa; no medición de habilidad individual ni probabilidad de empleo
R070,Calidad y testing,Ingeniero de pruebas de rendimiento,Performance Test Engineer; Load Tester,Especialización,Inicial,45,Base parcial; especialización necesaria,Orientación posible tras especialización y proyecto verificable,2,2,1,1,3,43.75,100,DSO240;DSO220;DSO250;DSO060,Metodología y Testing; Redes y Sistemas Distribuidos; Programación Orientada a Objetos; Álgebra y Estadística,"Testing, concurrencia y estadística aportan fundamentos de medición","JMeter/Gatling/k6, modelado de carga, profiling e interpretación de cuellos de botella","Testing, concurrencia y estadística aportan fundamentos de medición. La valoración de tareas es 2/4 y la de herramientas 1/4 porque resta: JMeter/Gatling/k6, modelado de carga, profiling e interpretación de cuellos de botella. Preparación operativa: 1/4; la práctica específica no está acreditada para este perfil.","Prueba de carga con hipótesis, percentiles y diagnóstico reproducible",P2;QA;SRE;J_AUTO,https://www.onetonline.org/link/summary/15-1253.00 ; https://sre.google/sre-book/monitoring-distributed-systems/ ; https://jobs.smartrecruiters.com/Inetum2/744000142569136-qa-automation-engineer-junior-java-developer?trid=7d1dcdfa-96a8-4e55-bb9c-0db211f5a9b3,DSO240: 44-45; DSO220: 42-43; DSO250: 46; DSO060: 32-33,"Media: programa explícito, desempeño individual no medido",No estimado: faltan programas de optativa/electivo,Internacional general; elegibilidad e idioma se verifican por oferta,2026-09-13,J_AUTO,Marco y anuncio de empleador,DSO010;DSO020;DSO030;DSO160;DSO170;DSO270,"200 h curriculares, dominio y desempeño no documentados; aporte específico condicionado",Inferencia analítica del programa; no medición de habilidad individual ni probabilidad de empleo
R072,Calidad y testing,Tester de accesibilidad,Accessibility Tester; Accessibility QA Analyst,Especialización,Inicial,45,Base parcial; especialización necesaria,Orientación posible tras especialización y proyecto verificable,2,2,1,1,3,43.75,100,DSO240;DSO200;DSO290,Metodología y Testing; Diseño de Software; Programación Web,Usabilidad y pruebas permiten identificar algunas barreras de interacción,"WCAG, tecnologías asistivas, evaluación manual y reporte de conformidad","Usabilidad y pruebas permiten identificar algunas barreras de interacción. La valoración de tareas es 2/4 y la de herramientas 1/4 porque resta: WCAG, tecnologías asistivas, evaluación manual y reporte de conformidad. Preparación operativa: 1/4; la práctica específica no está acreditada para este perfil.",Auditar teclado y lector de pantalla y justificar cada barrera,P2;A11Y;QA,https://www.w3.org/WAI/curricula/ ; https://www.onetonline.org/link/summary/15-1253.00,DSO240: 44-45; DSO200: 35-36; DSO290: 46-47,"Media: programa explícito, desempeño individual no medido",No estimado: faltan programas de optativa/electivo,Internacional general; elegibilidad e idioma se verifican por oferta,2026-09-13,,Marco ocupacional/técnico; sin anuncio específico asociado,DSO010;DSO020;DSO030;DSO160;DSO170;DSO270,"200 h curriculares, dominio y desempeño no documentados; aporte específico condicionado",Inferencia analítica del programa; no medición de habilidad individual ni probabilidad de empleo
R012,Desarrollo de software,Desarrollador Go,Go Developer; Golang Backend Engineer,Especialización,Inicial,45,Base parcial; especialización necesaria,Orientación posible tras especialización y proyecto verificable,3,2,0,1,3,43.75,100,DSO130;DSO250;DSO220;DSO100,Programación Estructurada; Programación Orientada a Objetos; Redes y Sistemas Distribuidos; Introducción a los Sistemas Operativos,"Algoritmos, concurrencia y redes facilitan la transición","Go, interfaces y errores idiomáticos, goroutines y tooling","Algoritmos, concurrencia y redes facilitan la transición. La valoración de tareas es 2/4 y la de herramientas 0/4 porque resta: Go, interfaces y errores idiomáticos, goroutines y tooling. Preparación operativa: 1/4; la práctica específica no está acreditada para este perfil.","Servicio Go con concurrencia acotada, pruebas y profiling básico",P2;DEV;J_OBS,https://www.onetonline.org/link/summary/15-1252.00 ; https://job-boards.greenhouse.io/canonical/jobs/2166631?gh_src=5d948ffe1us,DSO130: 45-46; DSO250: 46; DSO220: 42-43; DSO100: 37-38,"Media: programa explícito, desempeño individual no medido",No estimado: faltan programas de optativa/electivo,Internacional general; elegibilidad e idioma se verifican por oferta,2026-09-13,J_OBS,Marco y anuncio de empleador,DSO010;DSO020;DSO030;DSO160;DSO170;DSO270,"200 h curriculares, dominio y desempeño no documentados; aporte específico condicionado",Inferencia analítica del programa; no medición de habilidad individual ni probabilidad de empleo
R009,Desarrollo de software,Desarrollador backend .NET/C#,C# Developer; ASP.NET Core Developer,Especialización,Inicial,45,Base parcial; especialización necesaria,Orientación posible tras especialización y proyecto verificable,3,2,0,1,3,43.75,100,DSO250;DSO290;DSO120;DSO240,Programación Orientada a Objetos; Programación Web; Base de Datos Relacionales; Metodología y Testing,"POO, MVC y SQL se transfieren desde Java","C#, ASP.NET Core, Entity Framework y herramientas Microsoft del puesto","POO, MVC y SQL se transfieren desde Java. La valoración de tareas es 2/4 y la de herramientas 0/4 porque resta: C#, ASP.NET Core, Entity Framework y herramientas Microsoft del puesto. Preparación operativa: 1/4; la práctica específica no está acreditada para este perfil.",Servicio .NET con autenticación y pruebas de integración,P2;DEV;J_NET,https://www.onetonline.org/link/summary/15-1252.00 ; https://jobs.smartrecruiters.com/Tietoevry1/744000114916473-junior-middle-net-software-engineer-tieto-tech-consulting-m-f-d-,DSO250: 46; DSO290: 46-47; DSO120: 38-40; DSO240: 44-45,"Media: programa explícito, desempeño individual no medido",No estimado: faltan programas de optativa/electivo,Internacional general; elegibilidad e idioma se verifican por oferta,2026-09-13,J_NET,Marco y anuncio de empleador,DSO010;DSO020;DSO030;DSO160;DSO170;DSO270,"200 h curriculares, dominio y desempeño no documentados; aporte específico condicionado",Inferencia analítica del programa; no medición de habilidad individual ni probabilidad de empleo
R010,Desarrollo de software,Desarrollador backend PHP,PHP Developer; Laravel Developer,Especialización,Inicial,45,Base parcial; especialización necesaria,Orientación posible tras especialización y proyecto verificable,3,2,0,1,3,43.75,100,DSO290;DSO250;DSO120;DSO240,Programación Web; Programación Orientada a Objetos; Base de Datos Relacionales; Metodología y Testing,"Cliente/servidor, POO y persistencia son reutilizables","PHP, Composer, Laravel u otro framework y sus convenciones de seguridad","Cliente/servidor, POO y persistencia son reutilizables. La valoración de tareas es 2/4 y la de herramientas 0/4 porque resta: PHP, Composer, Laravel u otro framework y sus convenciones de seguridad. Preparación operativa: 1/4; la práctica específica no está acreditada para este perfil.","Aplicación PHP con migraciones, permisos y pruebas",P2;DEV;MDN,https://www.onetonline.org/link/summary/15-1252.00 ; https://developer.mozilla.org/en-US/curriculum/core/,DSO290: 46-47; DSO250: 46; DSO120: 38-40; DSO240: 44-45,"Media: programa explícito, desempeño individual no medido",No estimado: faltan programas de optativa/electivo,Internacional general; elegibilidad e idioma se verifican por oferta,2026-09-13,,Marco ocupacional/técnico; sin anuncio específico asociado,DSO010;DSO020;DSO030;DSO160;DSO170;DSO270,"200 h curriculares, dominio y desempeño no documentados; aporte específico condicionado",Inferencia analítica del programa; no medición de habilidad individual ni probabilidad de empleo
R008,Desarrollo de software,Desarrollador backend Python,Python Developer; Django Developer; FastAPI Developer,Especialización,Inicial,45,Base parcial; especialización necesaria,Orientación posible tras especialización y proyecto verificable,3,2,0,1,3,43.75,100,DSO130;DSO250;DSO290;DSO120;DSO240,Programación Estructurada; Programación Orientada a Objetos; Programación Web; Base de Datos Relacionales; Metodología y Testing,"Algoritmos, POO, datos y web reducen la dificultad de aprender otro backend","Python y su ecosistema web, empaquetado, tipado y pruebas idiomáticas","Algoritmos, POO, datos y web reducen la dificultad de aprender otro backend. La valoración de tareas es 2/4 y la de herramientas 0/4 porque resta: Python y su ecosistema web, empaquetado, tipado y pruebas idiomáticas. Preparación operativa: 1/4; la práctica específica no está acreditada para este perfil.","API Python con consultas, migraciones y pruebas automatizadas",P2;DEV;J_DE,https://www.onetonline.org/link/summary/15-1252.00 ; https://www.diligenciagroup.com/hubfs/2026%20Junior%20Data%20Engineer%20Jobspec%20v1.1.pdf?hsLang=en,DSO130: 45-46; DSO250: 46; DSO290: 46-47; DSO120: 38-40; DSO240: 44-45,"Media: programa explícito, desempeño individual no medido",No estimado: faltan programas de optativa/electivo,Internacional general; elegibilidad e idioma se verifican por oferta,2026-09-13,J_DE,Marco y anuncio de empleador,DSO010;DSO020;DSO030;DSO160;DSO170;DSO270,"200 h curriculares, dominio y desempeño no documentados; aporte específico condicionado",Inferencia analítica del programa; no medición de habilidad individual ni probabilidad de empleo
R021,Desarrollo de software,Desarrollador de escritorio .NET,WPF Developer; WinUI Developer,Especialización,Inicial,45,Base parcial; especialización necesaria,Orientación posible tras especialización y proyecto verificable,3,2,0,1,3,43.75,100,DSO250;DSO200;DSO120;DSO210,Programación Orientada a Objetos; Diseño de Software; Base de Datos Relacionales; Sistemas Operativos Aplicados,"POO, interfaces y familiaridad Windows aportan base","C#, XAML, framework de escritorio, binding y distribución","POO, interfaces y familiaridad Windows aportan base. La valoración de tareas es 2/4 y la de herramientas 0/4 porque resta: C#, XAML, framework de escritorio, binding y distribución. Preparación operativa: 1/4; la práctica específica no está acreditada para este perfil.",Aplicación .NET de escritorio accesible con instalador y pruebas,P2;DEV;J_NET,https://www.onetonline.org/link/summary/15-1252.00 ; https://jobs.smartrecruiters.com/Tietoevry1/744000114916473-junior-middle-net-software-engineer-tieto-tech-consulting-m-f-d-,DSO250: 46; DSO200: 35-36; DSO120: 38-40; DSO210: 40-42,"Media: programa explícito, desempeño individual no medido",No estimado: faltan programas de optativa/electivo,Internacional general; elegibilidad e idioma se verifican por oferta,2026-09-13,J_NET,Marco y anuncio de empleador,DSO010;DSO020;DSO030;DSO160;DSO170;DSO270,"200 h curriculares, dominio y desempeño no documentados; aporte específico condicionado",Inferencia analítica del programa; no medición de habilidad individual ni probabilidad de empleo
R043,Desarrollo móvil,Desarrollador Flutter,Flutter Developer; Dart Developer,Especialización,Inicial,45,Base parcial; especialización necesaria,Orientación posible tras especialización y proyecto verificable,3,2,0,1,3,43.75,100,DSO300;DSO250;DSO200;DSO240,Programación de Aplicaciones para Celulares; Programación Orientada a Objetos; Diseño de Software; Metodología y Testing,POO y conceptos de aplicación móvil aportan base,"Dart, widgets, estado, plugins y distribución multiplataforma","POO y conceptos de aplicación móvil aportan base. La valoración de tareas es 2/4 y la de herramientas 0/4 porque resta: Dart, widgets, estado, plugins y distribución multiplataforma. Preparación operativa: 1/4; la práctica específica no está acreditada para este perfil.",Aplicación Flutter probada en Android e iOS,P2;FLUTTER,https://docs.flutter.dev/learn,DSO300: 47; DSO250: 46; DSO200: 35-36; DSO240: 44-45,"Media: programa explícito, desempeño individual no medido",No estimado: faltan programas de optativa/electivo,Internacional general; elegibilidad e idioma se verifican por oferta,2026-09-13,,Marco ocupacional/técnico; sin anuncio específico asociado,DSO010;DSO020;DSO030;DSO160;DSO170;DSO270,"200 h curriculares, dominio y desempeño no documentados; aporte específico condicionado",Inferencia analítica del programa; no medición de habilidad individual ni probabilidad de empleo
R033,Front-end y experiencia web,Desarrollador WordPress,WordPress Developer,Especialización,Inicial,45,Base parcial; especialización necesaria,Orientación posible tras especialización y proyecto verificable,3,2,0,1,3,43.75,100,DSO290;DSO120;DSO200;DSO260,Programación Web; Base de Datos Relacionales; Diseño de Software; Computación en la Nube,"Web, SQL y seguridad aportan fundamentos generales","PHP, temas, plugins, APIs WordPress, actualizaciones y hardening específico","Web, SQL y seguridad aportan fundamentos generales. La valoración de tareas es 2/4 y la de herramientas 0/4 porque resta: PHP, temas, plugins, APIs WordPress, actualizaciones y hardening específico. Preparación operativa: 1/4; la práctica específica no está acreditada para este perfil.",Tema o plugin probado sin modificar el núcleo y con permisos correctos,P2;MDN;DEV;ASVS,https://developer.mozilla.org/en-US/curriculum/core/ ; https://www.onetonline.org/link/summary/15-1252.00 ; https://owasp.github.io/www-project-application-security-verification-standard/,DSO290: 46-47; DSO120: 38-40; DSO200: 35-36; DSO260: 47-48,"Media: programa explícito, desempeño individual no medido",No estimado: faltan programas de optativa/electivo,Internacional general; elegibilidad e idioma se verifican por oferta,2026-09-13,,Marco ocupacional/técnico; sin anuncio específico asociado,DSO010;DSO020;DSO030;DSO160;DSO170;DSO270,"200 h curriculares, dominio y desempeño no documentados; aporte específico condicionado",Inferencia analítica del programa; no medición de habilidad individual ni probabilidad de empleo
R038,Front-end y experiencia web,Especialista de rendimiento web,Web Performance Engineer,Especialización,Inicial,45,Base parcial; especialización necesaria,Orientación posible tras especialización y proyecto verificable,2,2,1,1,3,43.75,100,DSO290;DSO220;DSO240;DSO200,Programación Web; Redes y Sistemas Distribuidos; Metodología y Testing; Diseño de Software,"Redes, comportamiento web y pruebas proporcionan base diagnóstica","Medición en navegador, presupuestos, renderizado, caché y monitoreo real","Redes, comportamiento web y pruebas proporcionan base diagnóstica. La valoración de tareas es 2/4 y la de herramientas 1/4 porque resta: Medición en navegador, presupuestos, renderizado, caché y monitoreo real. Preparación operativa: 1/4; la práctica específica no está acreditada para este perfil.",Identificar un cuello de botella y demostrar mejora reproducible,P2;MDN;SRE,https://developer.mozilla.org/en-US/curriculum/core/ ; https://sre.google/sre-book/monitoring-distributed-systems/,DSO290: 46-47; DSO220: 42-43; DSO240: 44-45; DSO200: 35-36,"Media: programa explícito, desempeño individual no medido",No estimado: faltan programas de optativa/electivo,Internacional general; elegibilidad e idioma se verifican por oferta,2026-09-13,,Marco ocupacional/técnico; sin anuncio específico asociado,DSO010;DSO020;DSO030;DSO160;DSO170;DSO270,"200 h curriculares, dominio y desempeño no documentados; aporte específico condicionado",Inferencia analítica del programa; no medición de habilidad individual ni probabilidad de empleo
R110,Ingeniería de datos e inteligencia artificial,Científico de datos junior,Junior Data Scientist,Ocupación,Inicial,45,Base parcial; especialización necesaria,Orientación posible tras especialización y proyecto verificable,3,2,1,1,2,46.25,100,DSO190;DSO060;DSO120;DSO230;DSO050,Ciencia de Datos Aplicada; Álgebra y Estadística; Base de Datos Relacionales; Base de Datos Avanzadas; Lógica Matemática,"Clasificación, predicción y estadística dan base inicial de modelado","Python/R, preparación rigurosa, validación, leakage y estadística más profunda","Clasificación, predicción y estadística dan base inicial de modelado. La valoración de tareas es 2/4 y la de herramientas 1/4 porque resta: Python/R, preparación rigurosa, validación, leakage y estadística más profunda. Preparación operativa: 1/4; la práctica específica no está acreditada para este perfil.","Comparar modelos con particiones correctas, baseline y análisis de errores",P2;DS;ML,https://www.onetonline.org/link/summary/15-2051.00 ; https://cloud.google.com/learn/certification/machine-learning-engineer,DSO190: 34-35; DSO060: 32-33; DSO120: 38-40; DSO230: 43-44; DSO050: 32,"Media: programa explícito, desempeño individual no medido",No estimado: faltan programas de optativa/electivo,Internacional general; elegibilidad e idioma se verifican por oferta,2026-09-13,,Marco ocupacional/técnico; sin anuncio específico asociado,DSO010;DSO020;DSO030;DSO160;DSO170;DSO270,"200 h curriculares, dominio y desempeño no documentados; aporte específico condicionado",Inferencia analítica del programa; no medición de habilidad individual ni probabilidad de empleo
R123,Ingeniería de datos e inteligencia artificial,Desarrollador de software científico,Research Software Engineer; Scientific Software Developer,Especialización,Inicial,45,Base parcial; especialización necesaria,Orientación posible tras especialización y proyecto verificable,2,2,1,1,3,43.75,100,DSO130;DSO250;DSO060;DSO240;DSO190,Programación Estructurada; Programación Orientada a Objetos; Álgebra y Estadística; Metodología y Testing; Ciencia de Datos Aplicada,"Programación, matrices y pruebas aportan base de software","Métodos numéricos, cálculo, dominio científico y reproducibilidad experimental","Programación, matrices y pruebas aportan base de software. La valoración de tareas es 2/4 y la de herramientas 1/4 porque resta: Métodos numéricos, cálculo, dominio científico y reproducibilidad experimental. Preparación operativa: 1/4; la práctica específica no está acreditada para este perfil.",Implementación verificada contra resultados conocidos del dominio,P2;RESEARCH;DEV,https://www.onetonline.org/link/summary/15-1221.00 ; https://www.onetonline.org/link/summary/15-1252.00,DSO130: 45-46; DSO250: 46; DSO060: 32-33; DSO240: 44-45; DSO190: 34-35,"Media: programa explícito, desempeño individual no medido",No estimado: faltan programas de optativa/electivo,Internacional general; elegibilidad e idioma se verifican por oferta,2026-09-13,,Marco ocupacional/técnico; sin anuncio específico asociado,DSO010;DSO020;DSO030;DSO160;DSO170;DSO270,"200 h curriculares, dominio y desempeño no documentados; aporte específico condicionado",Inferencia analítica del programa; no medición de habilidad individual ni probabilidad de empleo
R106,Ingeniería de datos e inteligencia artificial,Ingeniero Spark/Databricks,Spark Engineer; Databricks Data Engineer,Especialización,Inicial,45,Base parcial; especialización necesaria,Orientación posible tras especialización y proyecto verificable,3,2,0,1,3,43.75,100,DSO260;DSO230;DSO120;DSO190,Computación en la Nube; Base de Datos Avanzadas; Base de Datos Relacionales; Ciencia de Datos Aplicada,Procesamiento distribuido y SQL aportan base conceptual,"Spark, DataFrames, optimización, Delta y plataforma Databricks","Procesamiento distribuido y SQL aportan base conceptual. La valoración de tareas es 2/4 y la de herramientas 0/4 porque resta: Spark, DataFrames, optimización, Delta y plataforma Databricks. Preparación operativa: 1/4; la práctica específica no está acreditada para este perfil.",Pipeline Spark incremental con pruebas y diagnóstico de particiones,P2;DE;J_DE,https://cloud.google.com/learn/certification/data-engineer ; https://www.diligenciagroup.com/hubfs/2026%20Junior%20Data%20Engineer%20Jobspec%20v1.1.pdf?hsLang=en,DSO260: 47-48; DSO230: 43-44; DSO120: 38-40; DSO190: 34-35,"Media: programa explícito, desempeño individual no medido",No estimado: faltan programas de optativa/electivo,Internacional general; elegibilidad e idioma se verifican por oferta,2026-09-13,J_DE,Marco y anuncio de empleador,DSO010;DSO020;DSO030;DSO160;DSO170;DSO270,"200 h curriculares, dominio y desempeño no documentados; aporte específico condicionado",Inferencia analítica del programa; no medición de habilidad individual ni probabilidad de empleo
R057,Plataformas empresariales y automatización,Analista de procesos para automatización,Automation Business Analyst; RPA Analyst,Especialización,Inicial,45,Base parcial; especialización necesaria,Orientación posible tras especialización y proyecto verificable,3,2,1,1,2,46.25,100,DSO080;DSO040;DSO140;DSO240,Fundamentos de Análisis de Sistemas; Taller de Tecnología; Emprendedurismo; Metodología y Testing,"Relevamiento, estimación y validación permiten identificar procesos repetibles","Evaluar ROI, excepciones, controles y viabilidad en plataforma de automatización","Relevamiento, estimación y validación permiten identificar procesos repetibles. La valoración de tareas es 2/4 y la de herramientas 1/4 porque resta: Evaluar ROI, excepciones, controles y viabilidad en plataforma de automatización. Preparación operativa: 1/4; la práctica específica no está acreditada para este perfil.",Documento de proceso y caso de automatización validado por usuarios,P2;IIBA;RPA,https://www.iiba.org/knowledgehub/the-business-analysis-standard/ ; https://academy.uipath.com/learning-plans/automation-developer-associate-training-v202310,DSO080: 33-34; DSO040: 28-29; DSO140: 49-50; DSO240: 44-45,"Media: programa explícito, desempeño individual no medido",No estimado: faltan programas de optativa/electivo,Internacional general; elegibilidad e idioma se verifican por oferta,2026-09-13,,Marco ocupacional/técnico; sin anuncio específico asociado,DSO010;DSO020;DSO030;DSO160;DSO170;DSO270,"200 h curriculares, dominio y desempeño no documentados; aporte específico condicionado",Inferencia analítica del programa; no medición de habilidad individual ni probabilidad de empleo
R052,Plataformas empresariales y automatización,Consultor técnico de integración ERP,ERP Technical Consultant,Especialización,Inicial,45,Base parcial; especialización necesaria,Orientación posible tras especialización y proyecto verificable,3,2,1,1,2,46.25,100,DSO290;DSO120;DSO080;DSO220,Programación Web; Base de Datos Relacionales; Fundamentos de Análisis de Sistemas; Redes y Sistemas Distribuidos,"APIs, bases de datos y análisis facilitan integraciones","Interfaces y conectores ERP, transacciones, permisos y dominio de negocio","APIs, bases de datos y análisis facilitan integraciones. La valoración de tareas es 2/4 y la de herramientas 1/4 porque resta: Interfaces y conectores ERP, transacciones, permisos y dominio de negocio. Preparación operativa: 1/4; la práctica específica no está acreditada para este perfil.",Integración con conciliación de datos y errores de negocio,P2;DEV;BA;SAP,https://www.onetonline.org/link/summary/15-1252.00 ; https://www.onetonline.org/link/summary/15-1211.00 ; https://learning.sap.com/courses/basic-abap-programming,DSO290: 46-47; DSO120: 38-40; DSO080: 33-34; DSO220: 42-43,"Media: programa explícito, desempeño individual no medido",No estimado: faltan programas de optativa/electivo,Internacional general; elegibilidad e idioma se verifican por oferta,2026-09-13,,Marco ocupacional/técnico; sin anuncio específico asociado,DSO010;DSO020;DSO030;DSO160;DSO170;DSO270,"200 h curriculares, dominio y desempeño no documentados; aporte específico condicionado",Inferencia analítica del programa; no medición de habilidad individual ni probabilidad de empleo
R055,Plataformas empresariales y automatización,Desarrollador Power Platform,Power Apps Developer; Power Automate Developer,Especialización,Inicial,45,Base parcial; especialización necesaria,Orientación posible tras especialización y proyecto verificable,3,2,0,1,3,43.75,100,DSO080;DSO110;DSO290;DSO240,Fundamentos de Análisis de Sistemas; Modelo de Datos; Programación Web; Metodología y Testing,"Modelado, interfaces y pruebas permiten comprender soluciones de negocio","Power Fx, Dataverse, conectores, gobernanza y ALM de Power Platform","Modelado, interfaces y pruebas permiten comprender soluciones de negocio. La valoración de tareas es 2/4 y la de herramientas 0/4 porque resta: Power Fx, Dataverse, conectores, gobernanza y ALM de Power Platform. Preparación operativa: 1/4; la práctica específica no está acreditada para este perfil.","Aplicación con automatización, roles y despliegue entre entornos",P2;POWER,https://learn.microsoft.com/en-us/credentials/certifications/power-platform-developer-associate/,DSO080: 33-34; DSO110: 38; DSO290: 46-47; DSO240: 44-45,"Media: programa explícito, desempeño individual no medido",No estimado: faltan programas de optativa/electivo,Internacional general; elegibilidad e idioma se verifican por oferta,2026-09-13,,Marco ocupacional/técnico; sin anuncio específico asociado,DSO010;DSO020;DSO030;DSO160;DSO170;DSO270,"200 h curriculares, dominio y desempeño no documentados; aporte específico condicionado",Inferencia analítica del programa; no medición de habilidad individual ni probabilidad de empleo
R056,Plataformas empresariales y automatización,Desarrollador RPA,RPA Developer; UiPath Developer,Ocupación,Inicial,45,Base parcial; especialización necesaria,Orientación posible tras especialización y proyecto verificable,3,2,0,1,3,43.75,100,DSO130;DSO080;DSO240;DSO210,Programación Estructurada; Fundamentos de Análisis de Sistemas; Metodología y Testing; Sistemas Operativos Aplicados,"Algoritmos, procesos y pruebas transfieren al diseño de automatizaciones","UiPath u otra plataforma, selectores, colas, credenciales y orquestación","Algoritmos, procesos y pruebas transfieren al diseño de automatizaciones. La valoración de tareas es 2/4 y la de herramientas 0/4 porque resta: UiPath u otra plataforma, selectores, colas, credenciales y orquestación. Preparación operativa: 1/4; la práctica específica no está acreditada para este perfil.","Automatización con reintentos, logs y recuperación de excepciones",P2;RPA,https://academy.uipath.com/learning-plans/automation-developer-associate-training-v202310,DSO130: 45-46; DSO080: 33-34; DSO240: 44-45; DSO210: 40-42,"Media: programa explícito, desempeño individual no medido",No estimado: faltan programas de optativa/electivo,Internacional general; elegibilidad e idioma se verifican por oferta,2026-09-13,,Marco ocupacional/técnico; sin anuncio específico asociado,DSO010;DSO020;DSO030;DSO160;DSO170;DSO270,"200 h curriculares, dominio y desempeño no documentados; aporte específico condicionado",Inferencia analítica del programa; no medición de habilidad individual ni probabilidad de empleo
R050,Plataformas empresariales y automatización,Desarrollador SAP ABAP,ABAP Developer,Especialización,Inicial,45,Base parcial; especialización necesaria,Orientación posible tras especialización y proyecto verificable,3,2,0,1,3,43.75,100,DSO250;DSO120;DSO080,Programación Orientada a Objetos; Base de Datos Relacionales; Fundamentos de Análisis de Sistemas,POO y SQL cubren conocimientos de entrada reutilizables para ABAP,"ABAP, diccionario y SQL propios, RAP, transportes y procesos SAP","POO y SQL cubren conocimientos de entrada reutilizables para ABAP. La valoración de tareas es 2/4 y la de herramientas 0/4 porque resta: ABAP, diccionario y SQL propios, RAP, transportes y procesos SAP. Preparación operativa: 1/4; la práctica específica no está acreditada para este perfil.",Aplicación ABAP con objetos de negocio y pruebas en entorno SAP,P2;SAP,https://learning.sap.com/courses/basic-abap-programming,DSO250: 46; DSO120: 38-40; DSO080: 33-34,"Media: programa explícito, desempeño individual no medido",No estimado: faltan programas de optativa/electivo,Internacional general; elegibilidad e idioma se verifican por oferta,2026-09-13,,Marco ocupacional/técnico; sin anuncio específico asociado,DSO010;DSO020;DSO030;DSO160;DSO170;DSO270,"200 h curriculares, dominio y desempeño no documentados; aporte específico condicionado",Inferencia analítica del programa; no medición de habilidad individual ni probabilidad de empleo
R048,Plataformas empresariales y automatización,Desarrollador Salesforce,Salesforce Developer; Apex Developer,Especialización,Inicial,45,Base parcial; especialización necesaria,Orientación posible tras especialización y proyecto verificable,3,2,0,1,3,43.75,100,DSO250;DSO290;DSO120;DSO080,Programación Orientada a Objetos; Programación Web; Base de Datos Relacionales; Fundamentos de Análisis de Sistemas,"Java/POO, datos y requisitos permiten aprender desarrollo CRM","Apex, Lightning, límites de plataforma, seguridad y despliegues Salesforce","Java/POO, datos y requisitos permiten aprender desarrollo CRM. La valoración de tareas es 2/4 y la de herramientas 0/4 porque resta: Apex, Lightning, límites de plataforma, seguridad y despliegues Salesforce. Preparación operativa: 1/4; la práctica específica no está acreditada para este perfil.","Aplicación CRM con lógica, permisos y pruebas de plataforma",P2;SALES,https://trailhead.salesforce.com/credentials/platformdeveloperi,DSO250: 46; DSO290: 46-47; DSO120: 38-40; DSO080: 33-34,"Media: programa explícito, desempeño individual no medido",No estimado: faltan programas de optativa/electivo,Internacional general; elegibilidad e idioma se verifican por oferta,2026-09-13,,Marco ocupacional/técnico; sin anuncio específico asociado,DSO010;DSO020;DSO030;DSO160;DSO170;DSO270,"200 h curriculares, dominio y desempeño no documentados; aporte específico condicionado",Inferencia analítica del programa; no medición de habilidad individual ni probabilidad de empleo
R151,"Redes, cloud y DevOps",Administrador/desarrollador Azure,Azure Engineer; Azure Administrator,Especialización,Inicial,45,Base parcial; especialización necesaria,Orientación posible tras especialización y proyecto verificable,3,2,0,1,3,43.75,100,DSO260;DSO210;DSO220;DSO250,Computación en la Nube; Sistemas Operativos Aplicados; Redes y Sistemas Distribuidos; Programación Orientada a Objetos,Cloud general y Windows aportan conocimientos transferibles,"Azure, Entra ID, recursos, SDK, redes y monitoreo propios","Cloud general y Windows aportan conocimientos transferibles. La valoración de tareas es 2/4 y la de herramientas 0/4 porque resta: Azure, Entra ID, recursos, SDK, redes y monitoreo propios. Preparación operativa: 1/4; la práctica específica no está acreditada para este perfil.",Entorno Azure de prueba con aplicación y acceso seguro,P2;AZURE,https://learn.microsoft.com/en-us/credentials/certifications/resources/study-guides/az-104,DSO260: 47-48; DSO210: 40-42; DSO220: 42-43; DSO250: 46,"Media: programa explícito, desempeño individual no medido",No estimado: faltan programas de optativa/electivo,Internacional general; elegibilidad e idioma se verifican por oferta,2026-09-13,,Marco ocupacional/técnico; sin anuncio específico asociado,DSO010;DSO020;DSO030;DSO160;DSO170;DSO270,"200 h curriculares, dominio y desempeño no documentados; aporte específico condicionado",Inferencia analítica del programa; no medición de habilidad individual ni probabilidad de empleo
R144,"Redes, cloud y DevOps",Ingeniero de redes empresariales,Network Engineer,Ocupación,Inicial,45,Base parcial; especialización necesaria,Orientación posible tras especialización y proyecto verificable,2,2,1,1,3,43.75,100,DSO220;DSO090;DSO210,Redes y Sistemas Distribuidos; Arquitectura de Hardware Computacional; Sistemas Operativos Aplicados,Protocolos y distribución proporcionan base conceptual,"BGP/OSPF, redundancia, diseño de campus/WAN y automatización de redes","Protocolos y distribución proporcionan base conceptual. La valoración de tareas es 2/4 y la de herramientas 1/4 porque resta: BGP/OSPF, redundancia, diseño de campus/WAN y automatización de redes. Preparación operativa: 1/4; la práctica específica no está acreditada para este perfil.",Diseño y laboratorio de red con fallos y recuperación medidos,P2;NET,https://www.cisco.com/site/us/en/learn/training-certifications/exams/ccna.html,DSO220: 42-43; DSO090: 36-37; DSO210: 40-42,"Media: programa explícito, desempeño individual no medido",No estimado: faltan programas de optativa/electivo,Internacional general; elegibilidad e idioma se verifican por oferta,2026-09-13,,Marco ocupacional/técnico; sin anuncio específico asociado,DSO010;DSO020;DSO030;DSO160;DSO170;DSO270,"200 h curriculares, dominio y desempeño no documentados; aporte específico condicionado",Inferencia analítica del programa; no medición de habilidad individual ni probabilidad de empleo
R210,Sistemas especializados y ocupaciones digitales adyacentes,Desarrollador COBOL/mainframe,COBOL Developer; Mainframe Application Developer,Especialización,Inicial,45,Base parcial; especialización necesaria,Orientación posible tras especialización y proyecto verificable,3,2,0,1,3,43.75,100,DSO130;DSO120;DSO240;DSO080,Programación Estructurada; Base de Datos Relacionales; Metodología y Testing; Fundamentos de Análisis de Sistemas,"Programación estructurada, datos y testing son transferibles","COBOL, JCL, z/OS, CICS/Db2 y operación batch según puesto","Programación estructurada, datos y testing son transferibles. La valoración de tareas es 2/4 y la de herramientas 0/4 porque resta: COBOL, JCL, z/OS, CICS/Db2 y operación batch según puesto. Preparación operativa: 1/4; la práctica específica no está acreditada para este perfil.","Programa batch con archivos, errores y pruebas en entorno mainframe",P2;ZOS;DEV,https://www.ibm.com/docs/en/zos-basic-skills?topic=today-roles-in-mainframe-world ; https://www.onetonline.org/link/summary/15-1252.00,DSO130: 45-46; DSO120: 38-40; DSO240: 44-45; DSO080: 33-34,"Media: programa explícito, desempeño individual no medido",No estimado: faltan programas de optativa/electivo,Internacional general; elegibilidad e idioma se verifican por oferta,2026-09-13,,Marco ocupacional/técnico; sin anuncio específico asociado,DSO010;DSO020;DSO030;DSO160;DSO170;DSO270,"200 h curriculares, dominio y desempeño no documentados; aporte específico condicionado",Inferencia analítica del programa; no medición de habilidad individual ni probabilidad de empleo
R230,Sistemas especializados y ocupaciones digitales adyacentes,Desarrollador GIS,GIS Developer; Geospatial Software Developer,Especialización,Inicial,45,Base parcial; especialización necesaria,Orientación posible tras especialización y proyecto verificable,3,2,0,1,3,43.75,100,DSO290;DSO120;DSO230;DSO060,Programación Web; Base de Datos Relacionales; Base de Datos Avanzadas; Álgebra y Estadística,"Web, bases y álgebra permiten aprender aplicaciones espaciales","Sistemas de coordenadas, GIS, PostGIS y librerías geoespaciales","Web, bases y álgebra permiten aprender aplicaciones espaciales. La valoración de tareas es 2/4 y la de herramientas 0/4 porque resta: Sistemas de coordenadas, GIS, PostGIS y librerías geoespaciales. Preparación operativa: 1/4; la práctica específica no está acreditada para este perfil.",Aplicación cartográfica con consultas y transformaciones espaciales correctas,P2;GIS,https://www.onetonline.org/link/summary/15-1299.02,DSO290: 46-47; DSO120: 38-40; DSO230: 43-44; DSO060: 32-33,"Media: programa explícito, desempeño individual no medido",No estimado: faltan programas de optativa/electivo,Internacional general; elegibilidad e idioma se verifican por oferta,2026-09-13,,Marco ocupacional/técnico; sin anuncio específico asociado,DSO010;DSO020;DSO030;DSO160;DSO170;DSO270,"200 h curriculares, dominio y desempeño no documentados; aporte específico condicionado",Inferencia analítica del programa; no medición de habilidad individual ni probabilidad de empleo
R208,Sistemas especializados y ocupaciones digitales adyacentes,Desarrollador de firmware embebido,Embedded Software Developer; Firmware Engineer,Especialización,Inicial,45,Base parcial; especialización necesaria,Orientación posible tras especialización y proyecto verificable,2,2,1,1,3,43.75,100,DSO090;DSO130;DSO100;DSO220,Arquitectura de Hardware Computacional; Programación Estructurada; Introducción a los Sistemas Operativos; Redes y Sistemas Distribuidos,"Embebidos, sensores, buses y programación tienen una base documentada","C/C++, toolchain, microcontrolador, RTOS, depuración física y restricciones","Embebidos, sensores, buses y programación tienen una base documentada. La valoración de tareas es 2/4 y la de herramientas 1/4 porque resta: C/C++, toolchain, microcontrolador, RTOS, depuración física y restricciones. Preparación operativa: 1/4; la práctica específica no está acreditada para este perfil.","Firmware de laboratorio con periféricos, manejo de fallos y pruebas",P2;HW;J_EMBED,https://www.onetonline.org/link/summary/17-2061.00 ; https://www.ardusimple.com/wp-content/uploads/2023/04/20230418_EPS_Works_embedded_engineer.pdf,DSO090: 36-37; DSO130: 45-46; DSO100: 37-38; DSO220: 42-43,"Media: programa explícito, desempeño individual no medido",No estimado: faltan programas de optativa/electivo,Internacional general; elegibilidad e idioma se verifican por oferta,2026-09-13,J_EMBED,Marco y anuncio de empleador,DSO010;DSO020;DSO030;DSO160;DSO170;DSO270,"200 h curriculares, dominio y desempeño no documentados; aporte específico condicionado",Inferencia analítica del programa; no medición de habilidad individual ni probabilidad de empleo
R221,Sistemas especializados y ocupaciones digitales adyacentes,Programador de videojuegos Unity,Unity Game Developer,Especialización,Inicial,45,Base parcial; especialización necesaria,Orientación posible tras especialización y proyecto verificable,3,2,0,1,3,43.75,100,DSO250;DSO200;DSO060;DSO240,Programación Orientada a Objetos; Diseño de Software; Álgebra y Estadística; Metodología y Testing,"POO, interfaces y álgebra aportan base de programación","C#, Unity, física, escenas, recursos y optimización de juegos","POO, interfaces y álgebra aportan base de programación. La valoración de tareas es 2/4 y la de herramientas 0/4 porque resta: C#, Unity, física, escenas, recursos y optimización de juegos. Preparación operativa: 1/4; la práctica específica no está acreditada para este perfil.","Juego pequeño terminado con estados, pruebas y perfilado",P2;UNITY;GAME,https://docs.unity3d.com/Manual/scripting.html ; https://www.onetonline.org/link/summary/15-1255.01,DSO250: 46; DSO200: 35-36; DSO060: 32-33; DSO240: 44-45,"Media: programa explícito, desempeño individual no medido",No estimado: faltan programas de optativa/electivo,Internacional general; elegibilidad e idioma se verifican por oferta,2026-09-13,,Marco ocupacional/técnico; sin anuncio específico asociado,DSO010;DSO020;DSO030;DSO160;DSO170;DSO270,"200 h curriculares, dominio y desempeño no documentados; aporte específico condicionado",Inferencia analítica del programa; no medición de habilidad individual ni probabilidad de empleo
R222,Sistemas especializados y ocupaciones digitales adyacentes,Programador de videojuegos Unreal,Unreal Engine Developer; Gameplay Programmer,Especialización,Inicial,45,Base parcial; especialización necesaria,Orientación posible tras especialización y proyecto verificable,3,2,0,1,3,43.75,100,DSO250;DSO200;DSO060;DSO240,Programación Orientada a Objetos; Diseño de Software; Álgebra y Estadística; Metodología y Testing,Programación y diseño de interacción transfieren fundamentos,"C++, Unreal, Blueprints, gameplay framework y distribución","Programación y diseño de interacción transfieren fundamentos. La valoración de tareas es 2/4 y la de herramientas 0/4 porque resta: C++, Unreal, Blueprints, gameplay framework y distribución. Preparación operativa: 1/4; la práctica específica no está acreditada para este perfil.",Mecánica jugable con arquitectura clara y medición de rendimiento,P2;GAME;DEV,https://www.onetonline.org/link/summary/15-1255.01 ; https://www.onetonline.org/link/summary/15-1252.00,DSO250: 46; DSO200: 35-36; DSO060: 32-33; DSO240: 44-45,"Media: programa explícito, desempeño individual no medido",No estimado: faltan programas de optativa/electivo,Internacional general; elegibilidad e idioma se verifican por oferta,2026-09-13,,Marco ocupacional/técnico; sin anuncio específico asociado,DSO010;DSO020;DSO030;DSO160;DSO170;DSO270,"200 h curriculares, dominio y desempeño no documentados; aporte específico condicionado",Inferencia analítica del programa; no medición de habilidad individual ni probabilidad de empleo
R139,Soporte y operación de sistemas,Administrador de almacenamiento,Storage Administrator; Storage Engineer,Especialización,Inicial,45,Base parcial; especialización necesaria,Orientación posible tras especialización y proyecto verificable,2,2,1,1,3,43.75,100,DSO210;DSO220;DSO090,Sistemas Operativos Aplicados; Redes y Sistemas Distribuidos; Arquitectura de Hardware Computacional,"Archivos, hardware y sistemas de archivos distribuidos ofrecen base","SAN/NAS, protocolos, rendimiento, replicación y cabinas específicas","Archivos, hardware y sistemas de archivos distribuidos ofrecen base. La valoración de tareas es 2/4 y la de herramientas 1/4 porque resta: SAN/NAS, protocolos, rendimiento, replicación y cabinas específicas. Preparación operativa: 1/4; la práctica específica no está acreditada para este perfil.",Configurar almacenamiento compartido con permisos y recuperación,P2;SYS;DBA,https://www.onetonline.org/link/summary/15-1244.00 ; https://www.onetonline.org/link/summary/15-1242.00,DSO210: 40-42; DSO220: 42-43; DSO090: 36-37,"Media: programa explícito, desempeño individual no medido",No estimado: faltan programas de optativa/electivo,Internacional general; elegibilidad e idioma se verifican por oferta,2026-09-13,,Marco ocupacional/técnico; sin anuncio específico asociado,DSO010;DSO020;DSO030;DSO160;DSO170;DSO270,"200 h curriculares, dominio y desempeño no documentados; aporte específico condicionado",Inferencia analítica del programa; no medición de habilidad individual ni probabilidad de empleo
R101,Analítica e inteligencia de negocio,Analista de datos financieros o de riesgo,Financial Data Analyst; Risk Data Analyst,Especialización,Inicial,40,Base parcial; especialización necesaria,Orientación posible tras especialización y proyecto verificable,2,2,1,1,2,41.25,100,DSO060;DSO190;DSO120;DSO140,Álgebra y Estadística; Ciencia de Datos Aplicada; Base de Datos Relacionales; Emprendedurismo,SQL y estadística permiten tratamiento básico de datos,"Finanzas, métricas de riesgo, modelos y regulación del sector","SQL y estadística permiten tratamiento básico de datos. La valoración de tareas es 2/4 y la de herramientas 1/4 porque resta: Finanzas, métricas de riesgo, modelos y regulación del sector. Preparación operativa: 1/4; la práctica específica no está acreditada para este perfil.",Análisis de datos financieros con definiciones y controles de consistencia,P2;DS;BI,https://www.onetonline.org/link/summary/15-2051.00 ; https://www.onetonline.org/link/summary/15-2051.01,DSO060: 32-33; DSO190: 34-35; DSO120: 38-40; DSO140: 49-50,"Media: programa explícito, desempeño individual no medido",No estimado: faltan programas de optativa/electivo,Internacional general; elegibilidad e idioma se verifican por oferta,2026-09-13,,Marco ocupacional/técnico; sin anuncio específico asociado,DSO010;DSO020;DSO030;DSO160;DSO170;DSO270,"200 h curriculares, dominio y desempeño no documentados; aporte específico condicionado",Inferencia analítica del programa; no medición de habilidad individual ni probabilidad de empleo
R195,"Análisis, producto, diseño y relación con clientes",Analista de product operations,Product Operations Analyst; Product Ops,Especialización,Inicial,40,Base parcial; especialización necesaria,Orientación posible tras especialización y proyecto verificable,2,2,1,1,2,41.25,100,DSO190;DSO080;DSO240;DSO270,Ciencia de Datos Aplicada; Fundamentos de Análisis de Sistemas; Metodología y Testing; Técnicas Laborales para el Desarrollo de Software,"Datos, procesos y coordinación aportan base operativa","Herramientas de feedback, métricas, rituales y gestión de conocimiento de producto","Datos, procesos y coordinación aportan base operativa. La valoración de tareas es 2/4 y la de herramientas 1/4 porque resta: Herramientas de feedback, métricas, rituales y gestión de conocimiento de producto. Preparación operativa: 1/4; la práctica específica no está acreditada para este perfil.","Proceso de feedback con clasificación, responsables y seguimiento",P2;IIBA;BI,https://www.iiba.org/knowledgehub/the-business-analysis-standard/ ; https://www.onetonline.org/link/summary/15-2051.01,DSO190: 34-35; DSO080: 33-34; DSO240: 44-45; DSO270: 29-30,"Media: programa explícito, desempeño individual no medido",No estimado: faltan programas de optativa/electivo,Internacional general; elegibilidad e idioma se verifican por oferta,2026-09-13,,Marco ocupacional/técnico; sin anuncio específico asociado,DSO010;DSO020;DSO030;DSO160;DSO170,"200 h curriculares, dominio y desempeño no documentados; aporte específico condicionado",Inferencia analítica del programa; no medición de habilidad individual ni probabilidad de empleo
R196,"Análisis, producto, diseño y relación con clientes",Diseñador UI junior,Junior UI Designer; Interface Designer,Ocupación,Inicial,40,Base parcial; especialización necesaria,Orientación posible tras especialización y proyecto verificable,2,2,1,1,2,41.25,100,DSO200;DSO290;DSO080,Diseño de Software; Programación Web; Fundamentos de Análisis de Sistemas,"Interfaces, usabilidad y diseño adaptable tienen base real","Figma, tipografía, color, composición, sistemas visuales y portfolio","Interfaces, usabilidad y diseño adaptable tienen base real. La valoración de tareas es 2/4 y la de herramientas 1/4 porque resta: Figma, tipografía, color, composición, sistemas visuales y portfolio. Preparación operativa: 1/4; la práctica específica no está acreditada para este perfil.",Prototipo de alta fidelidad con componentes y justificación visual,P2;UX;J_UI,https://www.onetonline.org/link/summary/15-1255.00 ; https://jobs.smartrecruiters.com/SopraSteria1/744000139020649-junior-ui-designer?trid=7d1dcdfa-96a8-4e55-bb9c-0db211f5a9b3,DSO200: 35-36; DSO290: 46-47; DSO080: 33-34,"Media: programa explícito, desempeño individual no medido",No estimado: faltan programas de optativa/electivo,Internacional general; elegibilidad e idioma se verifican por oferta,2026-09-13,J_UI,Marco y anuncio de empleador,DSO010;DSO020;DSO030;DSO160;DSO170;DSO270,"200 h curriculares, dominio y desempeño no documentados; aporte específico condicionado",Inferencia analítica del programa; no medición de habilidad individual ni probabilidad de empleo
R207,"Análisis, producto, diseño y relación con clientes",Especialista SEO técnico,Technical SEO Specialist,Ocupación adyacente,Inicial,40,Base parcial; especialización necesaria,Orientación posible tras especialización y proyecto verificable,2,2,1,1,2,41.25,100,DSO290;DSO190;DSO220;DSO200,Programación Web; Ciencia de Datos Aplicada; Redes y Sistemas Distribuidos; Diseño de Software,"Web, datos de buscadores y redes aportan base técnica","Rastreo, indexación, datos estructurados, herramientas SEO y medición","Web, datos de buscadores y redes aportan base técnica. La valoración de tareas es 2/4 y la de herramientas 1/4 porque resta: Rastreo, indexación, datos estructurados, herramientas SEO y medición. Preparación operativa: 1/4; la práctica específica no está acreditada para este perfil.",Auditoría técnica con hallazgos comprobados y seguimiento de resultados,P2;SEO;MDN,https://www.onetonline.org/link/summary/13-1161.01 ; https://developer.mozilla.org/en-US/curriculum/core/,DSO290: 46-47; DSO190: 34-35; DSO220: 42-43; DSO200: 35-36,"Media: programa explícito, desempeño individual no medido",No estimado: faltan programas de optativa/electivo,Internacional general; elegibilidad e idioma se verifican por oferta,2026-09-13,,Marco ocupacional/técnico; sin anuncio específico asociado,DSO010;DSO020;DSO030;DSO160;DSO170;DSO270,"200 h curriculares, dominio y desempeño no documentados; aporte específico condicionado",Inferencia analítica del programa; no medición de habilidad individual ni probabilidad de empleo
R203,"Análisis, producto, diseño y relación con clientes",Especialista de éxito del cliente técnico,Technical Customer Success Specialist,Ocupación,Inicial,40,Base parcial; especialización necesaria,Orientación posible tras especialización y proyecto verificable,2,2,1,1,2,41.25,100,DSO080;DSO270;DSO290;DSO190;DSO140,Fundamentos de Análisis de Sistemas; Técnicas Laborales para el Desarrollo de Software; Programación Web; Ciencia de Datos Aplicada; Emprendedurismo,"Software, necesidades y comunicación ayudan a orientar adopción","Producto, métricas de adopción, gestión de cuentas y conversaciones comerciales","Software, necesidades y comunicación ayudan a orientar adopción. La valoración de tareas es 2/4 y la de herramientas 1/4 porque resta: Producto, métricas de adopción, gestión de cuentas y conversaciones comerciales. Preparación operativa: 1/4; la práctica específica no está acreditada para este perfil.",Plan de adopción con objetivos medibles y resolución de obstáculos,P2;BA;SUP;SFIA,https://www.onetonline.org/link/summary/15-1211.00 ; https://www.onetonline.org/link/summary/15-1232.00 ; https://sfia-online.org/en/the-sfia-framework,DSO080: 33-34; DSO270: 29-30; DSO290: 46-47; DSO190: 34-35; DSO140: 49-50,"Media: programa explícito, desempeño individual no medido",No estimado: faltan programas de optativa/electivo,Internacional general; elegibilidad e idioma se verifican por oferta,2026-09-13,,Marco ocupacional/técnico; sin anuncio específico asociado,DSO010;DSO020;DSO030;DSO160;DSO170,"200 h curriculares, dominio y desempeño no documentados; aporte específico condicionado",Inferencia analítica del programa; no medición de habilidad individual ni probabilidad de empleo
R194,"Análisis, producto, diseño y relación con clientes",Product manager asociado,Associate Product Manager; APM,Ocupación,Inicial,40,Base parcial; especialización necesaria,Orientación posible tras especialización y proyecto verificable,2,2,1,1,2,41.25,100,DSO080;DSO140;DSO190;DSO200;DSO040,Fundamentos de Análisis de Sistemas; Emprendedurismo; Ciencia de Datos Aplicada; Diseño de Software; Taller de Tecnología,"Negocio, datos, usuarios y software aportan base transversal","Mercado, descubrimiento, estrategia, métricas y liderazgo sin autoridad","Negocio, datos, usuarios y software aportan base transversal. La valoración de tareas es 2/4 y la de herramientas 1/4 porque resta: Mercado, descubrimiento, estrategia, métricas y liderazgo sin autoridad. Preparación operativa: 1/4; la práctica específica no está acreditada para este perfil.","Caso de producto con investigación, hipótesis, métricas y decisiones",P2;IIBA;PM;SFIA,https://www.iiba.org/knowledgehub/the-business-analysis-standard/ ; https://www.onetonline.org/link/summary/15-1299.09 ; https://sfia-online.org/en/the-sfia-framework,DSO080: 33-34; DSO140: 49-50; DSO190: 34-35; DSO200: 35-36; DSO040: 28-29,"Media: programa explícito, desempeño individual no medido",No estimado: faltan programas de optativa/electivo,Internacional general; elegibilidad e idioma se verifican por oferta,2026-09-13,,Marco ocupacional/técnico; sin anuncio específico asociado,DSO010;DSO020;DSO030;DSO160;DSO170;DSO270,"200 h curriculares, dominio y desempeño no documentados; aporte específico condicionado",Inferencia analítica del programa; no medición de habilidad individual ni probabilidad de empleo
R193,"Análisis, producto, diseño y relación con clientes",Product owner asociado,Associate Product Owner; Junior Product Owner,Ocupación,Inicial,40,Base parcial; especialización necesaria,Orientación posible tras especialización y proyecto verificable,2,2,1,1,2,41.25,100,DSO080;DSO240;DSO140;DSO040,Fundamentos de Análisis de Sistemas; Metodología y Testing; Emprendedurismo; Taller de Tecnología,"Requisitos, agilidad y negocio permiten comprender backlog y prioridades","Descubrimiento, valor, negociación con stakeholders y decisiones de producto reales","Requisitos, agilidad y negocio permiten comprender backlog y prioridades. La valoración de tareas es 2/4 y la de herramientas 1/4 porque resta: Descubrimiento, valor, negociación con stakeholders y decisiones de producto reales. Preparación operativa: 1/4; la práctica específica no está acreditada para este perfil.","Priorizar un backlog con objetivos, evidencia y criterios de aceptación",P2;SCRUM;IIBA,https://scrumguides.org/scrum-guide.html ; https://www.iiba.org/knowledgehub/the-business-analysis-standard/,DSO080: 33-34; DSO240: 44-45; DSO140: 49-50; DSO040: 28-29,"Media: programa explícito, desempeño individual no medido",No estimado: faltan programas de optativa/electivo,Internacional general; elegibilidad e idioma se verifican por oferta,2026-09-13,,Marco ocupacional/técnico; sin anuncio específico asociado,DSO010;DSO020;DSO030;DSO160;DSO170;DSO270,"200 h curriculares, dominio y desempeño no documentados; aporte específico condicionado",Inferencia analítica del programa; no medición de habilidad individual ni probabilidad de empleo
R192,"Análisis, producto, diseño y relación con clientes",Scrum master inicial,Junior Scrum Master,Ocupación,Inicial,40,Base parcial; especialización necesaria,Orientación posible tras especialización y proyecto verificable,2,2,1,1,2,41.25,100,DSO240;DSO270;DSO030;DSO040,Metodología y Testing; Técnicas Laborales para el Desarrollo de Software; Desarrollo del Pensamiento y Desempeño de Roles; Taller de Tecnología,Scrum y habilidades de equipo están presentes,"Facilitación práctica, eliminación de impedimentos, coaching y experiencia de equipos","Scrum y habilidades de equipo están presentes. La valoración de tareas es 2/4 y la de herramientas 1/4 porque resta: Facilitación práctica, eliminación de impedimentos, coaching y experiencia de equipos. Preparación operativa: 1/4; la práctica específica no está acreditada para este perfil.",Facilitar eventos y demostrar mejora de un problema del equipo,P2;SCRUM;PM,https://scrumguides.org/scrum-guide.html ; https://www.onetonline.org/link/summary/15-1299.09,DSO240: 44-45; DSO270: 29-30; DSO030: 26-28; DSO040: 28-29,"Media: programa explícito, desempeño individual no medido",No estimado: faltan programas de optativa/electivo,Internacional general; elegibilidad e idioma se verifican por oferta,2026-09-13,,Marco ocupacional/técnico; sin anuncio específico asociado,DSO010;DSO020;DSO160;DSO170,"200 h curriculares, dominio y desempeño no documentados; aporte específico condicionado",Inferencia analítica del programa; no medición de habilidad individual ni probabilidad de empleo
R200,"Análisis, producto, diseño y relación con clientes",UX writer y diseñador de contenido,UX Writer; Content Designer,Ocupación adyacente,Inicial,40,Base parcial; especialización necesaria,Orientación posible tras especialización y proyecto verificable,2,2,1,1,2,41.25,100,DSO010;DSO200;DSO080;DSO170,Comprensión y Producción de Textos; Diseño de Software; Fundamentos de Análisis de Sistemas; Comunicación en Idioma Inglés,"Producción de textos, interfaces y comprensión del usuario aportan base","Microcopy, tono, arquitectura de contenido, pruebas y dominio del idioma objetivo","Producción de textos, interfaces y comprensión del usuario aportan base. La valoración de tareas es 2/4 y la de herramientas 1/4 porque resta: Microcopy, tono, arquitectura de contenido, pruebas y dominio del idioma objetivo. Preparación operativa: 1/4; la práctica específica no está acreditada para este perfil.",Rediseñar textos de un flujo y validar comprensión con usuarios,P2;UX;WRITE,https://www.onetonline.org/link/summary/15-1255.00 ; https://www.onetonline.org/link/summary/27-3042.00,DSO010: 23-25; DSO200: 35-36; DSO080: 33-34; DSO170: 26,"Media: programa explícito, desempeño individual no medido",No estimado: faltan programas de optativa/electivo,Internacional general; elegibilidad e idioma se verifican por oferta,2026-09-13,,Marco ocupacional/técnico; sin anuncio específico asociado,DSO020;DSO030;DSO160;DSO270,"200 h curriculares, dominio y desempeño no documentados; aporte específico condicionado",Inferencia analítica del programa; no medición de habilidad individual ni probabilidad de empleo
R089,Bases de datos y gestión de datos,Data steward,Data Steward; Data Governance Analyst,Ocupación,Inicial,40,Base parcial; especialización necesaria,Orientación posible tras especialización y proyecto verificable,2,2,1,1,2,41.25,100,DSO110;DSO150;DSO080;DSO010,Modelo de Datos; Legislación de las TIC; Fundamentos de Análisis de Sistemas; Comprensión y Producción de Textos,"Modelos, privacidad y documentación ayudan a describir y cuidar datos","Catálogo, linaje, ownership, políticas y coordinación organizacional","Modelos, privacidad y documentación ayudan a describir y cuidar datos. La valoración de tareas es 2/4 y la de herramientas 1/4 porque resta: Catálogo, linaje, ownership, políticas y coordinación organizacional. Preparación operativa: 1/4; la práctica específica no está acreditada para este perfil.",Glosario y controles de un dominio con responsables y trazabilidad,P2;DE;BA,https://cloud.google.com/learn/certification/data-engineer ; https://www.onetonline.org/link/summary/15-1211.00,DSO110: 38; DSO150: 51; DSO080: 33-34; DSO010: 23-25,"Media: programa explícito, desempeño individual no medido",No estimado: faltan programas de optativa/electivo,Internacional general; elegibilidad e idioma se verifican por oferta,2026-09-13,,Marco ocupacional/técnico; sin anuncio específico asociado,DSO020;DSO030;DSO160;DSO170;DSO270,"200 h curriculares, dominio y desempeño no documentados; aporte específico condicionado",Inferencia analítica del programa; no medición de habilidad individual ni probabilidad de empleo
R077,Calidad y testing,Ingeniero de QA de sistemas embebidos,Embedded QA Engineer; Firmware Test Engineer,Especialización,Inicial,40,Base parcial; especialización necesaria,Orientación posible tras especialización y proyecto verificable,2,2,0,1,3,38.75,100,DSO090;DSO240;DSO130;DSO220,Arquitectura de Hardware Computacional; Metodología y Testing; Programación Estructurada; Redes y Sistemas Distribuidos,"Hardware, interfaces y testing ofrecen base conceptual","Instrumentación, HIL, buses reales, firmware y restricciones de tiempo","Hardware, interfaces y testing ofrecen base conceptual. La valoración de tareas es 2/4 y la de herramientas 0/4 porque resta: Instrumentación, HIL, buses reales, firmware y restricciones de tiempo. Preparación operativa: 1/4; la práctica específica no está acreditada para este perfil.",Banco de pruebas controlado para un dispositivo con fallos simulados,P2;QA;HW;J_EMBED,https://www.onetonline.org/link/summary/15-1253.00 ; https://www.onetonline.org/link/summary/17-2061.00 ; https://www.ardusimple.com/wp-content/uploads/2023/04/20230418_EPS_Works_embedded_engineer.pdf,DSO090: 36-37; DSO240: 44-45; DSO130: 45-46; DSO220: 42-43,"Media: programa explícito, desempeño individual no medido",No estimado: faltan programas de optativa/electivo,Internacional general; elegibilidad e idioma se verifican por oferta,2026-09-13,J_EMBED,Marco y anuncio de empleador,DSO010;DSO020;DSO030;DSO160;DSO170;DSO270,"200 h curriculares, dominio y desempeño no documentados; aporte específico condicionado",Inferencia analítica del programa; no medición de habilidad individual ni probabilidad de empleo
R073,Calidad y testing,Tester de localización,Localization QA Tester; Linguistic QA Tester,Especialización,Inicial,40,Base parcial; especialización necesaria,Orientación posible tras especialización y proyecto verificable,2,2,1,1,2,41.25,100,DSO240;DSO200;DSO010;DSO170,Metodología y Testing; Diseño de Software; Comprensión y Producción de Textos; Comunicación en Idioma Inglés,"Pruebas, interfaces multilingües y comunicación aportan base","Dominio lingüístico probado, formatos locales y herramientas de localización","Pruebas, interfaces multilingües y comunicación aportan base. La valoración de tareas es 2/4 y la de herramientas 1/4 porque resta: Dominio lingüístico probado, formatos locales y herramientas de localización. Preparación operativa: 1/4; la práctica específica no está acreditada para este perfil.","Casos de expansión de texto, plurales, formatos y corrección lingüística",P2;QA;UX,https://www.onetonline.org/link/summary/15-1253.00 ; https://www.onetonline.org/link/summary/15-1255.00,DSO240: 44-45; DSO200: 35-36; DSO010: 23-25; DSO170: 26,"Media: programa explícito, desempeño individual no medido",No estimado: faltan programas de optativa/electivo,Internacional general; elegibilidad e idioma se verifican por oferta,2026-09-13,,Marco ocupacional/técnico; sin anuncio específico asociado,DSO020;DSO030;DSO160;DSO270,"200 h curriculares, dominio y desempeño no documentados; aporte específico condicionado",Inferencia analítica del programa; no medición de habilidad individual ni probabilidad de empleo
R183,Ciberseguridad,Analista de continuidad tecnológica,IT Business Continuity Analyst; Disaster Recovery Analyst,Ocupación,Inicial,40,Base parcial; especialización necesaria,Orientación posible tras especialización y proyecto verificable,2,2,1,1,2,41.25,100,DSO210;DSO220;DSO040;DSO140,Sistemas Operativos Aplicados; Redes y Sistemas Distribuidos; Taller de Tecnología; Emprendedurismo,"Disponibilidad, respaldos y planificación aportan fundamentos","Análisis de impacto, dependencias, RTO/RPO, simulacros y coordinación","Disponibilidad, respaldos y planificación aportan fundamentos. La valoración de tareas es 2/4 y la de herramientas 1/4 porque resta: Análisis de impacto, dependencias, RTO/RPO, simulacros y coordinación. Preparación operativa: 1/4; la práctica específica no está acreditada para este perfil.",Plan de recuperación probado con dependencias y tiempos medidos,P2;NICE;SRE,https://www.nist.gov/itl/applied-cybersecurity/nice/nice-framework-resource-center/getting-started ; https://sre.google/sre-book/monitoring-distributed-systems/,DSO210: 40-42; DSO220: 42-43; DSO040: 28-29; DSO140: 49-50,"Media: programa explícito, desempeño individual no medido",No estimado: faltan programas de optativa/electivo,Internacional general; elegibilidad e idioma se verifican por oferta,2026-09-13,,Marco ocupacional/técnico; sin anuncio específico asociado,DSO010;DSO020;DSO030;DSO160;DSO170;DSO270,"200 h curriculares, dominio y desempeño no documentados; aporte específico condicionado",Inferencia analítica del programa; no medición de habilidad individual ni probabilidad de empleo
R166,Ciberseguridad,Ingeniero DevSecOps,DevSecOps Engineer,Ocupación,Inicial,40,Base parcial; especialización necesaria,Orientación posible tras especialización y proyecto verificable,3,1,1,1,3,40.0,100,DSO260;DSO240;DSO210;DSO220;DSO250,Computación en la Nube; Metodología y Testing; Sistemas Operativos Aplicados; Redes y Sistemas Distribuidos; Programación Orientada a Objetos,"Conecta programación segura, Docker, sistemas y pruebas","CI/CD seguro, IaC, secretos, escaneo, políticas y cadena de suministro","Conecta programación segura, Docker, sistemas y pruebas. La valoración de tareas es 1/4 y la de herramientas 1/4 porque resta: CI/CD seguro, IaC, secretos, escaneo, políticas y cadena de suministro. Preparación operativa: 1/4; la práctica específica no está acreditada para este perfil.",Pipeline con controles de seguridad y gestión de hallazgos,P2;ASVS;K8S;NICE,https://owasp.github.io/www-project-application-security-verification-standard/ ; https://training.linuxfoundation.org/certification/certified-kubernetes-administrator-cka/ ; https://www.nist.gov/itl/applied-cybersecurity/nice/nice-framework-resource-center/getting-started,DSO260: 47-48; DSO240: 44-45; DSO210: 40-42; DSO220: 42-43; DSO250: 46,Baja: transferencia indirecta o especialidad no desarrollada,No estimado: faltan programas de optativa/electivo,Internacional general; elegibilidad e idioma se verifican por oferta,2026-09-13,,Marco ocupacional/técnico; sin anuncio específico asociado,DSO010;DSO020;DSO030;DSO160;DSO170;DSO270,"200 h curriculares, dominio y desempeño no documentados; aporte específico condicionado",Inferencia analítica del programa; no medición de habilidad individual ni probabilidad de empleo
R122,Ingeniería de datos e inteligencia artificial,Anotador técnico de datos para IA,AI Data Annotator; Data Labeling Specialist,Ocupación adyacente,Inicial,40,Base parcial; especialización necesaria,Orientación posible tras especialización y proyecto verificable,2,2,1,1,2,41.25,100,DSO190;DSO010;DSO240;DSO120,Ciencia de Datos Aplicada; Comprensión y Producción de Textos; Metodología y Testing; Base de Datos Relacionales,Comprensión de datos y control de calidad ayudan a seguir pautas de anotación,"Herramienta, taxonomía, dominio, acuerdo entre anotadores e idioma requerido","Comprensión de datos y control de calidad ayudan a seguir pautas de anotación. La valoración de tareas es 2/4 y la de herramientas 1/4 porque resta: Herramienta, taxonomía, dominio, acuerdo entre anotadores e idioma requerido. Preparación operativa: 1/4; la práctica específica no está acreditada para este perfil.","Anotar un conjunto con guía, revisión y medición de consistencia",P2;DS;QA,https://www.onetonline.org/link/summary/15-2051.00 ; https://www.onetonline.org/link/summary/15-1253.00,DSO190: 34-35; DSO010: 23-25; DSO240: 44-45; DSO120: 38-40,"Media: programa explícito, desempeño individual no medido",No estimado: faltan programas de optativa/electivo,Internacional general; elegibilidad e idioma se verifican por oferta,2026-09-13,,Marco ocupacional/técnico; sin anuncio específico asociado,DSO020;DSO030;DSO160;DSO170;DSO270,"200 h curriculares, dominio y desempeño no documentados; aporte específico condicionado",Inferencia analítica del programa; no medición de habilidad individual ni probabilidad de empleo
R116,Ingeniería de datos e inteligencia artificial,Ingeniero de evaluación de IA,AI Evaluation Engineer; LLM Evaluation Engineer,Especialización,Inicial,40,Base parcial; especialización necesaria,Orientación posible tras especialización y proyecto verificable,2,2,1,1,2,41.25,100,DSO240;DSO190;DSO060;DSO150,Metodología y Testing; Ciencia de Datos Aplicada; Álgebra y Estadística; Legislación de las TIC,"Testing, estadística y privacidad ayudan a diseñar evaluaciones","Métricas de modelos, rubricas, sesgos, jueces automáticos y conjuntos representativos","Testing, estadística y privacidad ayudan a diseñar evaluaciones. La valoración de tareas es 2/4 y la de herramientas 1/4 porque resta: Métricas de modelos, rubricas, sesgos, jueces automáticos y conjuntos representativos. Preparación operativa: 1/4; la práctica específica no está acreditada para este perfil.","Evaluación que combine métricas, revisión humana y análisis de fallos",P2;ML;QA,https://cloud.google.com/learn/certification/machine-learning-engineer ; https://www.onetonline.org/link/summary/15-1253.00,DSO240: 44-45; DSO190: 34-35; DSO060: 32-33; DSO150: 51,"Media: programa explícito, desempeño individual no medido",No estimado: faltan programas de optativa/electivo,Internacional general; elegibilidad e idioma se verifican por oferta,2026-09-13,,Marco ocupacional/técnico; sin anuncio específico asociado,DSO010;DSO020;DSO030;DSO160;DSO170;DSO270,"200 h curriculares, dominio y desempeño no documentados; aporte específico condicionado",Inferencia analítica del programa; no medición de habilidad individual ni probabilidad de empleo
R107,Ingeniería de datos e inteligencia artificial,Ingeniero de streaming de datos,Streaming Data Engineer; Kafka Data Engineer,Especialización,Inicial,40,Base parcial; especialización necesaria,Orientación posible tras especialización y proyecto verificable,3,1,1,1,3,40.0,100,DSO220;DSO260;DSO230;DSO250,Redes y Sistemas Distribuidos; Computación en la Nube; Base de Datos Avanzadas; Programación Orientada a Objetos,Concurrencia y distribución ayudan a entender flujos,"Kafka/Flink, tiempo de evento, ventanas, estado y garantías de entrega","Concurrencia y distribución ayudan a entender flujos. La valoración de tareas es 1/4 y la de herramientas 1/4 porque resta: Kafka/Flink, tiempo de evento, ventanas, estado y garantías de entrega. Preparación operativa: 1/4; la práctica específica no está acreditada para este perfil.",Procesamiento de eventos tardíos y duplicados con resultados consistentes,P2;DE;J_JAVA2,https://cloud.google.com/learn/certification/data-engineer ; https://jobs.smartrecruiters.com/SigmaSoftware2/744000108185057-strong-junior-java-developer-,DSO220: 42-43; DSO260: 47-48; DSO230: 43-44; DSO250: 46,Baja: transferencia indirecta o especialidad no desarrollada,No estimado: faltan programas de optativa/electivo,Internacional general; elegibilidad e idioma se verifican por oferta,2026-09-13,J_JAVA2,Marco y anuncio de empleador,DSO010;DSO020;DSO030;DSO160;DSO170;DSO270,"200 h curriculares, dominio y desempeño no documentados; aporte específico condicionado",Inferencia analítica del programa; no medición de habilidad individual ni probabilidad de empleo
R049,Plataformas empresariales y automatización,Administrador Salesforce,Salesforce Administrator,Especialización,Inicial,40,Base parcial; especialización necesaria,Orientación posible tras especialización y proyecto verificable,2,2,0,1,3,38.75,100,DSO080;DSO110;DSO120;DSO210,Fundamentos de Análisis de Sistemas; Modelo de Datos; Base de Datos Relacionales; Sistemas Operativos Aplicados,"Modelado de información, usuarios y procesos aportan base","Configuración Salesforce, objetos, automatización declarativa y seguridad CRM","Modelado de información, usuarios y procesos aportan base. La valoración de tareas es 2/4 y la de herramientas 0/4 porque resta: Configuración Salesforce, objetos, automatización declarativa y seguridad CRM. Preparación operativa: 1/4; la práctica específica no está acreditada para este perfil.","Configurar un proceso comercial con roles, reportes y validaciones",P2;SALES;BA,https://trailhead.salesforce.com/credentials/platformdeveloperi ; https://www.onetonline.org/link/summary/15-1211.00,DSO080: 33-34; DSO110: 38; DSO120: 38-40; DSO210: 40-42,"Media: programa explícito, desempeño individual no medido",No estimado: faltan programas de optativa/electivo,Internacional general; elegibilidad e idioma se verifican por oferta,2026-09-13,,Marco ocupacional/técnico; sin anuncio específico asociado,DSO010;DSO020;DSO030;DSO160;DSO170;DSO270,"200 h curriculares, dominio y desempeño no documentados; aporte específico condicionado",Inferencia analítica del programa; no medición de habilidad individual ni probabilidad de empleo
R054,Plataformas empresariales y automatización,Administrador ServiceNow,ServiceNow Administrator,Especialización,Inicial,40,Base parcial; especialización necesaria,Orientación posible tras especialización y proyecto verificable,2,2,0,1,3,38.75,100,DSO210;DSO080;DSO110;DSO270,Sistemas Operativos Aplicados; Fundamentos de Análisis de Sistemas; Modelo de Datos; Técnicas Laborales para el Desarrollo de Software,"Usuarios, procesos y organización de datos aportan base","Configuración ServiceNow, CMDB, catálogos, flujos y administración de instancias","Usuarios, procesos y organización de datos aportan base. La valoración de tareas es 2/4 y la de herramientas 0/4 porque resta: Configuración ServiceNow, CMDB, catálogos, flujos y administración de instancias. Preparación operativa: 1/4; la práctica específica no está acreditada para este perfil.","Catálogo de solicitudes con permisos, estados y trazabilidad",P2;SNOW;SUP,https://www.servicenow.com/community/s/cgfwn76974/attachments/cgfwn76974/developer-forum/714196/1/Application%20developer%20exam-blueprint.pdf ; https://www.onetonline.org/link/summary/15-1232.00,DSO210: 40-42; DSO080: 33-34; DSO110: 38; DSO270: 29-30,"Media: programa explícito, desempeño individual no medido",No estimado: faltan programas de optativa/electivo,Internacional general; elegibilidad e idioma se verifican por oferta,2026-09-13,,Marco ocupacional/técnico; sin anuncio específico asociado,DSO010;DSO020;DSO030;DSO160;DSO170,"200 h curriculares, dominio y desempeño no documentados; aporte específico condicionado",Inferencia analítica del programa; no medición de habilidad individual ni probabilidad de empleo
R158,"Redes, cloud y DevOps",Ingeniero SRE,Site Reliability Engineer; SRE,Ocupación,Inicial,40,Base parcial; especialización necesaria,Orientación posible tras especialización y proyecto verificable,3,1,1,1,3,40.0,100,DSO220;DSO210;DSO260;DSO250;DSO240,Redes y Sistemas Distribuidos; Sistemas Operativos Aplicados; Computación en la Nube; Programación Orientada a Objetos; Metodología y Testing,"Distribución, sistemas y programación aportan fundamentos","SLO/SLI, on-call, incidentes, capacidad, automatización y confiabilidad demostrada","Distribución, sistemas y programación aportan fundamentos. La valoración de tareas es 1/4 y la de herramientas 1/4 porque resta: SLO/SLI, on-call, incidentes, capacidad, automatización y confiabilidad demostrada. Preparación operativa: 1/4; la práctica específica no está acreditada para este perfil.","Servicio con objetivos medidos, alertas y simulación de incidentes",P2;SRE;J_OBS,https://sre.google/sre-book/monitoring-distributed-systems/ ; https://job-boards.greenhouse.io/canonical/jobs/2166631?gh_src=5d948ffe1us,DSO220: 42-43; DSO210: 40-42; DSO260: 47-48; DSO250: 46; DSO240: 44-45,Baja: transferencia indirecta o especialidad no desarrollada,No estimado: faltan programas de optativa/electivo,Internacional general; elegibilidad e idioma se verifican por oferta,2026-09-13,J_OBS,Marco y anuncio de empleador,DSO010;DSO020;DSO030;DSO160;DSO170;DSO270,"200 h curriculares, dominio y desempeño no documentados; aporte específico condicionado",Inferencia analítica del programa; no medición de habilidad individual ni probabilidad de empleo
R155,"Redes, cloud y DevOps",Ingeniero de infraestructura como código,Infrastructure as Code Engineer; Terraform Engineer,Especialización,Inicial,40,Base parcial; especialización necesaria,Orientación posible tras especialización y proyecto verificable,3,1,1,1,3,40.0,100,DSO260;DSO210;DSO220;DSO130,Computación en la Nube; Sistemas Operativos Aplicados; Redes y Sistemas Distribuidos; Programación Estructurada,"Cloud, sistemas y lógica ayudan a modelar infraestructura","Terraform/Ansible, estado, módulos, secretos y cambios controlados","Cloud, sistemas y lógica ayudan a modelar infraestructura. La valoración de tareas es 1/4 y la de herramientas 1/4 porque resta: Terraform/Ansible, estado, módulos, secretos y cambios controlados. Preparación operativa: 1/4; la práctica específica no está acreditada para este perfil.","Infraestructura reproducible con revisión, estado remoto y destrucción controlada",P2;GCP;AZURE;J_DEVOPS,https://cloud.google.com/learn/certification/cloud-engineer ; https://learn.microsoft.com/en-us/credentials/certifications/resources/study-guides/az-104 ; https://jobs.smartrecruiters.com/TimocomGmbH1/744000121363118-devops-engineer-m-w-d-,DSO260: 47-48; DSO210: 40-42; DSO220: 42-43; DSO130: 45-46,Baja: transferencia indirecta o especialidad no desarrollada,No estimado: faltan programas de optativa/electivo,Internacional general; elegibilidad e idioma se verifican por oferta,2026-09-13,J_DEVOPS,Marco y anuncio de empleador,DSO010;DSO020;DSO030;DSO160;DSO170;DSO270,"200 h curriculares, dominio y desempeño no documentados; aporte específico condicionado",Inferencia analítica del programa; no medición de habilidad individual ni probabilidad de empleo
R157,"Redes, cloud y DevOps",Ingeniero de plataforma,Platform Engineer; Internal Developer Platform Engineer,Ocupación,Inicial,40,Base parcial; especialización necesaria,Orientación posible tras especialización y proyecto verificable,3,1,1,1,3,40.0,100,DSO260;DSO210;DSO220;DSO250;DSO080,Computación en la Nube; Sistemas Operativos Aplicados; Redes y Sistemas Distribuidos; Programación Orientada a Objetos; Fundamentos de Análisis de Sistemas,"Sistemas, software y cloud ofrecen fundamentos transversales","Plataformas internas, autoservicio, orquestación, experiencia del desarrollador y operación","Sistemas, software y cloud ofrecen fundamentos transversales. La valoración de tareas es 1/4 y la de herramientas 1/4 porque resta: Plataformas internas, autoservicio, orquestación, experiencia del desarrollador y operación. Preparación operativa: 1/4; la práctica específica no está acreditada para este perfil.","Servicio de despliegue interno con plantillas, métricas y permisos",P2;K8S;SRE;DEV,https://training.linuxfoundation.org/certification/certified-kubernetes-administrator-cka/ ; https://sre.google/sre-book/monitoring-distributed-systems/ ; https://www.onetonline.org/link/summary/15-1252.00,DSO260: 47-48; DSO210: 40-42; DSO220: 42-43; DSO250: 46; DSO080: 33-34,Baja: transferencia indirecta o especialidad no desarrollada,No estimado: faltan programas de optativa/electivo,Internacional general; elegibilidad e idioma se verifican por oferta,2026-09-13,,Marco ocupacional/técnico; sin anuncio específico asociado,DSO010;DSO020;DSO030;DSO160;DSO170;DSO270,"200 h curriculares, dominio y desempeño no documentados; aporte específico condicionado",Inferencia analítica del programa; no medición de habilidad individual ni probabilidad de empleo
R215,Sistemas especializados y ocupaciones digitales adyacentes,Desarrollador SCADA/HMI,SCADA Developer; HMI Developer,Especialización,Inicial,40,Base parcial; especialización necesaria,Orientación posible tras especialización y proyecto verificable,2,2,0,1,3,38.75,100,DSO090;DSO200;DSO220;DSO120,Arquitectura de Hardware Computacional; Diseño de Software; Redes y Sistemas Distribuidos; Base de Datos Relacionales,"Interfaces, redes y datos ayudan a comprender supervisión industrial","Plataforma SCADA, protocolos, alarmas, historización y dominio de proceso","Interfaces, redes y datos ayudan a comprender supervisión industrial. La valoración de tareas es 2/4 y la de herramientas 0/4 porque resta: Plataforma SCADA, protocolos, alarmas, historización y dominio de proceso. Preparación operativa: 1/4; la práctica específica no está acreditada para este perfil.",HMI de laboratorio con alarmas y adquisición de datos validada,P2;HW;ROBOT,https://www.onetonline.org/link/summary/17-2061.00 ; https://www.onetonline.org/link/summary/17-2199.08,DSO090: 36-37; DSO200: 35-36; DSO220: 42-43; DSO120: 38-40,"Media: programa explícito, desempeño individual no medido",No estimado: faltan programas de optativa/electivo,Internacional general; elegibilidad e idioma se verifican por oferta,2026-09-13,,Marco ocupacional/técnico; sin anuncio específico asociado,DSO010;DSO020;DSO030;DSO160;DSO170;DSO270,"200 h curriculares, dominio y desempeño no documentados; aporte específico condicionado",Inferencia analítica del programa; no medición de habilidad individual ni probabilidad de empleo
R136,Soporte y operación de sistemas,Administrador Microsoft 365,Microsoft 365 Administrator,Especialización,Inicial,40,Base parcial; especialización necesaria,Orientación posible tras especialización y proyecto verificable,2,2,0,1,3,38.75,100,DSO210;DSO220;DSO260,Sistemas Operativos Aplicados; Redes y Sistemas Distribuidos; Computación en la Nube,"Usuarios, redes y servicios cloud aportan fundamentos transferibles","Tenant M365, Exchange Online, Teams, licencias, políticas y cumplimiento","Usuarios, redes y servicios cloud aportan fundamentos transferibles. La valoración de tareas es 2/4 y la de herramientas 0/4 porque resta: Tenant M365, Exchange Online, Teams, licencias, políticas y cumplimiento. Preparación operativa: 1/4; la práctica específica no está acreditada para este perfil.","Administrar un tenant de prueba con acceso, correo y recuperación",P2;SYS;AZURE,https://www.onetonline.org/link/summary/15-1244.00 ; https://learn.microsoft.com/en-us/credentials/certifications/resources/study-guides/az-104,DSO210: 40-42; DSO220: 42-43; DSO260: 47-48,"Media: programa explícito, desempeño individual no medido",No estimado: faltan programas de optativa/electivo,Internacional general; elegibilidad e idioma se verifican por oferta,2026-09-13,,Marco ocupacional/técnico; sin anuncio específico asociado,DSO010;DSO020;DSO030;DSO160;DSO170;DSO270,"200 h curriculares, dominio y desempeño no documentados; aporte específico condicionado",Inferencia analítica del programa; no medición de habilidad individual ni probabilidad de empleo
R141,Soporte y operación de sistemas,Analista de gestión de activos IT,IT Asset Management Analyst; ITAM Analyst,Ocupación,Inicial,40,Base parcial; especialización necesaria,Orientación posible tras especialización y proyecto verificable,2,2,1,1,2,41.25,100,DSO090;DSO210;DSO150;DSO140,Arquitectura de Hardware Computacional; Sistemas Operativos Aplicados; Legislación de las TIC; Emprendedurismo,"Hardware, software, licencias y organización aportan base","Inventario, CMDB, ciclo de vida, contratos y reconciliación de activos","Hardware, software, licencias y organización aportan base. La valoración de tareas es 2/4 y la de herramientas 1/4 porque resta: Inventario, CMDB, ciclo de vida, contratos y reconciliación de activos. Preparación operativa: 1/4; la práctica específica no está acreditada para este perfil.","Inventario con responsables, licencias y cambios trazables",P2;SUP;SYS;SNOW,https://www.onetonline.org/link/summary/15-1232.00 ; https://www.onetonline.org/link/summary/15-1244.00 ; https://www.servicenow.com/community/s/cgfwn76974/attachments/cgfwn76974/developer-forum/714196/1/Application%20developer%20exam-blueprint.pdf,DSO090: 36-37; DSO210: 40-42; DSO150: 51; DSO140: 49-50,"Media: programa explícito, desempeño individual no medido",No estimado: faltan programas de optativa/electivo,Internacional general; elegibilidad e idioma se verifican por oferta,2026-09-13,,Marco ocupacional/técnico; sin anuncio específico asociado,DSO010;DSO020;DSO030;DSO160;DSO170;DSO270,"200 h curriculares, dominio y desempeño no documentados; aporte específico condicionado",Inferencia analítica del programa; no medición de habilidad individual ni probabilidad de empleo
R100,Analítica e inteligencia de negocio,Analista de experimentación,Experimentation Analyst; A/B Testing Analyst,Especialización,Inicial,35,Base inicial; formación adicional amplia,No se considera preparación suficiente para incorporarse sólo con el plan,2,1,1,1,2,32.5,100,DSO060;DSO190;DSO240,Álgebra y Estadística; Ciencia de Datos Aplicada; Metodología y Testing,Estadística básica y validación aportan nociones iniciales,"Diseño experimental, potencia, inferencia causal, sesgos y pruebas múltiples","Estadística básica y validación aportan nociones iniciales. La valoración de tareas es 1/4 y la de herramientas 1/4 porque resta: Diseño experimental, potencia, inferencia causal, sesgos y pruebas múltiples. Preparación operativa: 1/4; la práctica específica no está acreditada para este perfil.","Diseñar un experimento con hipótesis, muestra y análisis válido",P2;DS,https://www.onetonline.org/link/summary/15-2051.00,DSO060: 32-33; DSO190: 34-35; DSO240: 44-45,Baja: transferencia indirecta o especialidad no desarrollada,No estimado: faltan programas de optativa/electivo,Internacional general; elegibilidad e idioma se verifican por oferta,2026-09-13,,Marco ocupacional/técnico; sin anuncio específico asociado,DSO010;DSO020;DSO030;DSO160;DSO170;DSO270,"200 h curriculares, dominio y desempeño no documentados; aporte específico condicionado",Inferencia analítica del programa; no medición de habilidad individual ni probabilidad de empleo
R198,"Análisis, producto, diseño y relación con clientes",Investigador UX,UX Researcher; User Researcher,Ocupación,Inicial,35,Base inicial; formación adicional amplia,No se considera preparación suficiente para incorporarse sólo con el plan,2,1,1,1,2,32.5,100,DSO200;DSO080;DSO060;DSO010,Diseño de Software; Fundamentos de Análisis de Sistemas; Álgebra y Estadística; Comprensión y Producción de Textos,"Entrevistas, usabilidad y estadística ofrecen fundamentos parciales","Métodos cualitativos/cuantitativos, muestreo, sesgos, ética y síntesis profesional","Entrevistas, usabilidad y estadística ofrecen fundamentos parciales. La valoración de tareas es 1/4 y la de herramientas 1/4 porque resta: Métodos cualitativos/cuantitativos, muestreo, sesgos, ética y síntesis profesional. Preparación operativa: 1/4; la práctica específica no está acreditada para este perfil.","Estudio con protocolo, participantes, análisis y límites explícitos",P2;UX;IIBA,https://www.onetonline.org/link/summary/15-1255.00 ; https://www.iiba.org/knowledgehub/the-business-analysis-standard/,DSO200: 35-36; DSO080: 33-34; DSO060: 32-33; DSO010: 23-25,Baja: transferencia indirecta o especialidad no desarrollada,No estimado: faltan programas de optativa/electivo,Internacional general; elegibilidad e idioma se verifican por oferta,2026-09-13,,Marco ocupacional/técnico; sin anuncio específico asociado,DSO020;DSO030;DSO160;DSO170;DSO270,"200 h curriculares, dominio y desempeño no documentados; aporte específico condicionado",Inferencia analítica del programa; no medición de habilidad individual ni probabilidad de empleo
R179,Ciberseguridad,Analista GRC de ciberseguridad,Cybersecurity GRC Analyst,Ocupación,Inicial,35,Base inicial; formación adicional amplia,No se considera preparación suficiente para incorporarse sólo con el plan,2,2,0,0,2,32.5,100,DSO150;DSO260;DSO080;DSO140;DSO010,Legislación de las TIC; Computación en la Nube; Fundamentos de Análisis de Sistemas; Emprendedurismo; Comprensión y Producción de Textos,"Privacidad, seguridad, procesos y documentación son bases útiles","Marcos de control, evaluación de riesgos, auditorías y regulación del mercado","Privacidad, seguridad, procesos y documentación son bases útiles. La valoración de tareas es 2/4 y la de herramientas 0/4 porque resta: Marcos de control, evaluación de riesgos, auditorías y regulación del mercado. Preparación operativa: 0/4; la práctica específica no está acreditada para este perfil.",Matriz de riesgos y controles con evidencias y responsables,P2;NICE,https://www.nist.gov/itl/applied-cybersecurity/nice/nice-framework-resource-center/getting-started,DSO150: 51; DSO260: 47-48; DSO080: 33-34; DSO140: 49-50; DSO010: 23-25,"Media: programa explícito, desempeño individual no medido",No estimado: faltan programas de optativa/electivo,Internacional general; elegibilidad e idioma se verifican por oferta,2026-09-13,,Marco ocupacional/técnico; sin anuncio específico asociado,DSO020;DSO030;DSO160;DSO170;DSO270,"200 h curriculares, dominio y desempeño no documentados; aporte específico condicionado",Inferencia analítica del programa; no medición de habilidad individual ni probabilidad de empleo
R163,Ciberseguridad,Analista de detección e incidentes,Detection and Response Analyst,Especialización,Inicial,35,Base inicial; formación adicional amplia,No se considera preparación suficiente para incorporarse sólo con el plan,2,1,1,1,3,35.0,100,DSO260;DSO220;DSO210;DSO240,Computación en la Nube; Redes y Sistemas Distribuidos; Sistemas Operativos Aplicados; Metodología y Testing,Conoce fundamentos de seguridad y sistemas,"Telemetría, correlación, contención, investigación y respuesta bajo presión","Conoce fundamentos de seguridad y sistemas. La valoración de tareas es 1/4 y la de herramientas 1/4 porque resta: Telemetría, correlación, contención, investigación y respuesta bajo presión. Preparación operativa: 1/4; la práctica específica no está acreditada para este perfil.",Investigar un incidente simulado con cronología y acciones justificadas,P2;NICE;SOC,https://www.nist.gov/itl/applied-cybersecurity/nice/nice-framework-resource-center/getting-started ; https://learn.microsoft.com/en-us/credentials/certifications/resources/study-guides/sc-200,DSO260: 47-48; DSO220: 42-43; DSO210: 40-42; DSO240: 44-45,Baja: transferencia indirecta o especialidad no desarrollada,No estimado: faltan programas de optativa/electivo,Internacional general; elegibilidad e idioma se verifican por oferta,2026-09-13,,Marco ocupacional/técnico; sin anuncio específico asociado,DSO010;DSO020;DSO030;DSO160;DSO170;DSO270,"200 h curriculares, dominio y desempeño no documentados; aporte específico condicionado",Inferencia analítica del programa; no medición de habilidad individual ni probabilidad de empleo
R182,Ciberseguridad,Especialista DLP,Data Loss Prevention Analyst; DLP Engineer,Especialización,Inicial,35,Base inicial; formación adicional amplia,No se considera preparación suficiente para incorporarse sólo con el plan,2,1,1,1,2,32.5,100,DSO150;DSO260;DSO210;DSO120,Legislación de las TIC; Computación en la Nube; Sistemas Operativos Aplicados; Base de Datos Relacionales,"Privacidad, sistemas y clasificación de datos aportan base","Plataformas DLP, clasificación empresarial, canales y tuning de políticas","Privacidad, sistemas y clasificación de datos aportan base. La valoración de tareas es 1/4 y la de herramientas 1/4 porque resta: Plataformas DLP, clasificación empresarial, canales y tuning de políticas. Preparación operativa: 1/4; la práctica específica no está acreditada para este perfil.",Políticas de laboratorio con pruebas y revisión de falsos positivos,P2;NICE;AZURE,https://www.nist.gov/itl/applied-cybersecurity/nice/nice-framework-resource-center/getting-started ; https://learn.microsoft.com/en-us/credentials/certifications/resources/study-guides/az-104,DSO150: 51; DSO260: 47-48; DSO210: 40-42; DSO120: 38-40,Baja: transferencia indirecta o especialidad no desarrollada,No estimado: faltan programas de optativa/electivo,Internacional general; elegibilidad e idioma se verifican por oferta,2026-09-13,,Marco ocupacional/técnico; sin anuncio específico asociado,DSO010;DSO020;DSO030;DSO160;DSO170;DSO270,"200 h curriculares, dominio y desempeño no documentados; aporte específico condicionado",Inferencia analítica del programa; no medición de habilidad individual ni probabilidad de empleo
R176,Ciberseguridad,Especialista PAM,Privileged Access Management Engineer,Especialización,Inicial,35,Base inicial; formación adicional amplia,No se considera preparación suficiente para incorporarse sólo con el plan,2,1,1,1,3,35.0,100,DSO210;DSO220;DSO260,Sistemas Operativos Aplicados; Redes y Sistemas Distribuidos; Computación en la Nube,Administración y control de acceso aportan fundamentos,"Bóveda PAM, sesiones, rotación, cuentas de servicio y procedimientos de emergencia","Administración y control de acceso aportan fundamentos. La valoración de tareas es 1/4 y la de herramientas 1/4 porque resta: Bóveda PAM, sesiones, rotación, cuentas de servicio y procedimientos de emergencia. Preparación operativa: 1/4; la práctica específica no está acreditada para este perfil.",Laboratorio de acceso privilegiado con rotación y auditoría,P2;NICE;AZURE,https://www.nist.gov/itl/applied-cybersecurity/nice/nice-framework-resource-center/getting-started ; https://learn.microsoft.com/en-us/credentials/certifications/resources/study-guides/az-104,DSO210: 40-42; DSO220: 42-43; DSO260: 47-48,Baja: transferencia indirecta o especialidad no desarrollada,No estimado: faltan programas de optativa/electivo,Internacional general; elegibilidad e idioma se verifican por oferta,2026-09-13,,Marco ocupacional/técnico; sin anuncio específico asociado,DSO010;DSO020;DSO030;DSO160;DSO170;DSO270,"200 h curriculares, dominio y desempeño no documentados; aporte específico condicionado",Inferencia analítica del programa; no medición de habilidad individual ni probabilidad de empleo
R164,Ciberseguridad,Ingeniero de detecciones,Detection Engineer; SIEM Content Engineer,Especialización,Inicial,35,Base inicial; formación adicional amplia,No se considera preparación suficiente para incorporarse sólo con el plan,2,1,1,1,3,35.0,100,DSO260;DSO220;DSO120;DSO240,Computación en la Nube; Redes y Sistemas Distribuidos; Base de Datos Relacionales; Metodología y Testing,"Lógica, consultas, seguridad y pruebas aportan fundamentos","KQL/SPL, fuentes de eventos, técnicas de ataque y validación de reglas","Lógica, consultas, seguridad y pruebas aportan fundamentos. La valoración de tareas es 1/4 y la de herramientas 1/4 porque resta: KQL/SPL, fuentes de eventos, técnicas de ataque y validación de reglas. Preparación operativa: 1/4; la práctica específica no está acreditada para este perfil.",Reglas con pruebas de verdaderos/falsos positivos y cobertura documentada,P2;SOC;NICE,https://learn.microsoft.com/en-us/credentials/certifications/resources/study-guides/sc-200 ; https://www.nist.gov/itl/applied-cybersecurity/nice/nice-framework-resource-center/getting-started,DSO260: 47-48; DSO220: 42-43; DSO120: 38-40; DSO240: 44-45,Baja: transferencia indirecta o especialidad no desarrollada,No estimado: faltan programas de optativa/electivo,Internacional general; elegibilidad e idioma se verifican por oferta,2026-09-13,,Marco ocupacional/técnico; sin anuncio específico asociado,DSO010;DSO020;DSO030;DSO160;DSO170;DSO270,"200 h curriculares, dominio y desempeño no documentados; aporte específico condicionado",Inferencia analítica del programa; no medición de habilidad individual ni probabilidad de empleo
R181,Ciberseguridad,Ingeniero de privacidad,Privacy Engineer,Especialización,Inicial,35,Base inicial; formación adicional amplia,No se considera preparación suficiente para incorporarse sólo con el plan,2,1,1,1,2,32.5,100,DSO150;DSO260;DSO120;DSO290,Legislación de las TIC; Computación en la Nube; Base de Datos Relacionales; Programación Web,"Privacidad, datos y seguridad permiten identificar necesidades técnicas","Modelado de amenazas a privacidad, minimización, retención y técnicas de protección","Privacidad, datos y seguridad permiten identificar necesidades técnicas. La valoración de tareas es 1/4 y la de herramientas 1/4 porque resta: Modelado de amenazas a privacidad, minimización, retención y técnicas de protección. Preparación operativa: 1/4; la práctica específica no está acreditada para este perfil.",Diseño con flujo de datos y pruebas de minimización y eliminación,P2;NICE;ASVS,https://www.nist.gov/itl/applied-cybersecurity/nice/nice-framework-resource-center/getting-started ; https://owasp.github.io/www-project-application-security-verification-standard/,DSO150: 51; DSO260: 47-48; DSO120: 38-40; DSO290: 46-47,Baja: transferencia indirecta o especialidad no desarrollada,No estimado: faltan programas de optativa/electivo,Internacional general; elegibilidad e idioma se verifican por oferta,2026-09-13,,Marco ocupacional/técnico; sin anuncio específico asociado,DSO010;DSO020;DSO030;DSO160;DSO170;DSO270,"200 h curriculares, dominio y desempeño no documentados; aporte específico condicionado",Inferencia analítica del programa; no medición de habilidad individual ni probabilidad de empleo
R167,Ciberseguridad,Ingeniero de seguridad cloud,Cloud Security Engineer,Especialización,Inicial,35,Base inicial; formación adicional amplia,No se considera preparación suficiente para incorporarse sólo con el plan,2,1,1,1,3,35.0,100,DSO260;DSO220;DSO210,Computación en la Nube; Redes y Sistemas Distribuidos; Sistemas Operativos Aplicados,"Cloud, redes y seguridad aportan base introductoria","IAM avanzado, postura cloud, logging, claves y respuesta del proveedor","Cloud, redes y seguridad aportan base introductoria. La valoración de tareas es 1/4 y la de herramientas 1/4 porque resta: IAM avanzado, postura cloud, logging, claves y respuesta del proveedor. Preparación operativa: 1/4; la práctica específica no está acreditada para este perfil.",Entorno cloud endurecido con detección y validación de permisos mínimos,P2;AZURE;GCP;NICE,https://learn.microsoft.com/en-us/credentials/certifications/resources/study-guides/az-104 ; https://cloud.google.com/learn/certification/cloud-engineer ; https://www.nist.gov/itl/applied-cybersecurity/nice/nice-framework-resource-center/getting-started,DSO260: 47-48; DSO220: 42-43; DSO210: 40-42,Baja: transferencia indirecta o especialidad no desarrollada,No estimado: faltan programas de optativa/electivo,Internacional general; elegibilidad e idioma se verifican por oferta,2026-09-13,,Marco ocupacional/técnico; sin anuncio específico asociado,DSO010;DSO020;DSO030;DSO160;DSO170;DSO270,"200 h curriculares, dominio y desempeño no documentados; aporte específico condicionado",Inferencia analítica del programa; no medición de habilidad individual ni probabilidad de empleo
R169,Ciberseguridad,Pentester de infraestructura,Network Penetration Tester; Infrastructure Pentester,Especialización,Inicial,35,Base inicial; formación adicional amplia,No se considera preparación suficiente para incorporarse sólo con el plan,2,1,1,1,3,35.0,100,DSO220;DSO210;DSO260,Redes y Sistemas Distribuidos; Sistemas Operativos Aplicados; Computación en la Nube,"Redes, AD y seguridad ofrecen fundamentos","Enumeración ofensiva, explotación, escalamiento, movimiento lateral y reporte","Redes, AD y seguridad ofrecen fundamentos. La valoración de tareas es 1/4 y la de herramientas 1/4 porque resta: Enumeración ofensiva, explotación, escalamiento, movimiento lateral y reporte. Preparación operativa: 1/4; la práctica específica no está acreditada para este perfil.",Prueba autorizada de red de laboratorio con evidencias y límites definidos,P2;PENT;NICE,https://www.onetonline.org/link/summary/15-1299.04 ; https://www.nist.gov/itl/applied-cybersecurity/nice/nice-framework-resource-center/getting-started,DSO220: 42-43; DSO210: 40-42; DSO260: 47-48,Baja: transferencia indirecta o especialidad no desarrollada,No estimado: faltan programas de optativa/electivo,Internacional general; elegibilidad e idioma se verifican por oferta,2026-09-13,,Marco ocupacional/técnico; sin anuncio específico asociado,DSO010;DSO020;DSO030;DSO160;DSO170;DSO270,"200 h curriculares, dominio y desempeño no documentados; aporte específico condicionado",Inferencia analítica del programa; no medición de habilidad individual ni probabilidad de empleo
R014,Desarrollo de software,Desarrollador Scala,Scala Developer,Especialización,Inicial,35,Base inicial; formación adicional amplia,No se considera preparación suficiente para incorporarse sólo con el plan,3,1,0,1,3,35.0,100,DSO070;DSO250;DSO050;DSO220,Sistemas y Paradigmas de Programación; Programación Orientada a Objetos; Lógica Matemática; Redes y Sistemas Distribuidos,La combinación de paradigmas funcional y OO ofrece transferencia,"Scala, tipos, librerías, concurrencia y ecosistema de compilación","La combinación de paradigmas funcional y OO ofrece transferencia. La valoración de tareas es 1/4 y la de herramientas 0/4 porque resta: Scala, tipos, librerías, concurrencia y ecosistema de compilación. Preparación operativa: 1/4; la práctica específica no está acreditada para este perfil.",Módulo Scala con pruebas y transformaciones de datos tipadas,P2;DEV;J_DE,https://www.onetonline.org/link/summary/15-1252.00 ; https://www.diligenciagroup.com/hubfs/2026%20Junior%20Data%20Engineer%20Jobspec%20v1.1.pdf?hsLang=en,DSO070: 33; DSO250: 46; DSO050: 32; DSO220: 42-43,Baja: transferencia indirecta o especialidad no desarrollada,No estimado: faltan programas de optativa/electivo,Internacional general; elegibilidad e idioma se verifican por oferta,2026-09-13,J_DE,Marco y anuncio de empleador,DSO010;DSO020;DSO030;DSO160;DSO170;DSO270,"200 h curriculares, dominio y desempeño no documentados; aporte específico condicionado",Inferencia analítica del programa; no medición de habilidad individual ni probabilidad de empleo
R042,Desarrollo móvil,Desarrollador iOS,iOS Developer; Swift Developer,Especialización,Inicial,35,Base inicial; formación adicional amplia,No se considera preparación suficiente para incorporarse sólo con el plan,3,1,0,1,3,35.0,100,DSO300;DSO250;DSO200;DSO240,Programación de Aplicaciones para Celulares; Programación Orientada a Objetos; Diseño de Software; Metodología y Testing,"Programación, interfaces y restricciones móviles son transferibles","Swift, SwiftUI/UIKit, Xcode, ciclo de vida iOS y publicación Apple","Programación, interfaces y restricciones móviles son transferibles. La valoración de tareas es 1/4 y la de herramientas 0/4 porque resta: Swift, SwiftUI/UIKit, Xcode, ciclo de vida iOS y publicación Apple. Preparación operativa: 1/4; la práctica específica no está acreditada para este perfil.",Aplicación iOS nativa con persistencia y pruebas en dispositivo,P2;APPLE,https://developer.apple.com/tutorials/develop-in-swift,DSO300: 47; DSO250: 46; DSO200: 35-36; DSO240: 44-45,Baja: transferencia indirecta o especialidad no desarrollada,No estimado: faltan programas de optativa/electivo,Internacional general; elegibilidad e idioma se verifican por oferta,2026-09-13,,Marco ocupacional/técnico; sin anuncio específico asociado,DSO010;DSO020;DSO030;DSO160;DSO170;DSO270,"200 h curriculares, dominio y desempeño no documentados; aporte específico condicionado",Inferencia analítica del programa; no medición de habilidad individual ni probabilidad de empleo
R047,Desarrollo móvil,Ingeniero de plataforma móvil,Mobile Platform Engineer,Especialización,Inicial,35,Base inicial; formación adicional amplia,No se considera preparación suficiente para incorporarse sólo con el plan,2,1,1,1,3,35.0,100,DSO300;DSO250;DSO260;DSO240,Programación de Aplicaciones para Celulares; Programación Orientada a Objetos; Computación en la Nube; Metodología y Testing,Conoce estructura de aplicaciones y herramientas de desarrollo,"Builds reproducibles, modularización avanzada, librerías compartidas y distribución a escala","Conoce estructura de aplicaciones y herramientas de desarrollo. La valoración de tareas es 1/4 y la de herramientas 1/4 porque resta: Builds reproducibles, modularización avanzada, librerías compartidas y distribución a escala. Preparación operativa: 1/4; la práctica específica no está acreditada para este perfil.","Automatizar compilación, pruebas y distribución de varios módulos",P2;DEV;ANDROID;APPLE,https://www.onetonline.org/link/summary/15-1252.00 ; https://developer.android.com/courses/android-basics-compose/course?authuser=0 ; https://developer.apple.com/tutorials/develop-in-swift,DSO300: 47; DSO250: 46; DSO260: 47-48; DSO240: 44-45,Baja: transferencia indirecta o especialidad no desarrollada,No estimado: faltan programas de optativa/electivo,Internacional general; elegibilidad e idioma se verifican por oferta,2026-09-13,,Marco ocupacional/técnico; sin anuncio específico asociado,DSO010;DSO020;DSO030;DSO160;DSO170;DSO270,"200 h curriculares, dominio y desempeño no documentados; aporte específico condicionado",Inferencia analítica del programa; no medición de habilidad individual ni probabilidad de empleo
R112,Ingeniería de datos e inteligencia artificial,Ingeniero MLOps,MLOps Engineer,Ocupación,Inicial,35,Base inicial; formación adicional amplia,No se considera preparación suficiente para incorporarse sólo con el plan,2,1,1,1,2,32.5,100,DSO260;DSO190;DSO220;DSO240;DSO210,Computación en la Nube; Ciencia de Datos Aplicada; Redes y Sistemas Distribuidos; Metodología y Testing; Sistemas Operativos Aplicados,"Cloud, sistemas y testing ofrecen una base operativa parcial","Pipelines ML, registro de modelos, CI/CD, infraestructura y drift","Cloud, sistemas y testing ofrecen una base operativa parcial. La valoración de tareas es 1/4 y la de herramientas 1/4 porque resta: Pipelines ML, registro de modelos, CI/CD, infraestructura y drift. Preparación operativa: 1/4; la práctica específica no está acreditada para este perfil.",Flujo reproducible de entrenamiento a despliegue con rollback,P2;ML;K8S;SRE,https://cloud.google.com/learn/certification/machine-learning-engineer ; https://training.linuxfoundation.org/certification/certified-kubernetes-administrator-cka/ ; https://sre.google/sre-book/monitoring-distributed-systems/,DSO260: 47-48; DSO190: 34-35; DSO220: 42-43; DSO240: 44-45; DSO210: 40-42,Baja: transferencia indirecta o especialidad no desarrollada,No estimado: faltan programas de optativa/electivo,Internacional general; elegibilidad e idioma se verifican por oferta,2026-09-13,,Marco ocupacional/técnico; sin anuncio específico asociado,DSO010;DSO020;DSO030;DSO160;DSO170;DSO270,"200 h curriculares, dominio y desempeño no documentados; aporte específico condicionado",Inferencia analítica del programa; no medición de habilidad individual ni probabilidad de empleo
R113,Ingeniería de datos e inteligencia artificial,Ingeniero de IA generativa y RAG,Generative AI Engineer; RAG Engineer,Especialización,Inicial,35,Base inicial; formación adicional amplia,No se considera preparación suficiente para incorporarse sólo con el plan,2,1,1,1,2,32.5,100,DSO190;DSO290;DSO230;DSO260;DSO240,Ciencia de Datos Aplicada; Programación Web; Base de Datos Avanzadas; Computación en la Nube; Metodología y Testing,"Software, recuperación de datos y cloud aportan piezas reutilizables","Embeddings, búsqueda híbrida, RAG, evaluación, seguridad y observabilidad de modelos","Software, recuperación de datos y cloud aportan piezas reutilizables. La valoración de tareas es 1/4 y la de herramientas 1/4 porque resta: Embeddings, búsqueda híbrida, RAG, evaluación, seguridad y observabilidad de modelos. Preparación operativa: 1/4; la práctica específica no está acreditada para este perfil.","Sistema RAG con conjunto de evaluación, citas y pruebas de fallos",P2;ML;ASVS,https://cloud.google.com/learn/certification/machine-learning-engineer ; https://owasp.github.io/www-project-application-security-verification-standard/,DSO190: 34-35; DSO290: 46-47; DSO230: 43-44; DSO260: 47-48; DSO240: 44-45,Baja: transferencia indirecta o especialidad no desarrollada,No estimado: faltan programas de optativa/electivo,Internacional general; elegibilidad e idioma se verifican por oferta,2026-09-13,,Marco ocupacional/técnico; sin anuncio específico asociado,DSO010;DSO020;DSO030;DSO160;DSO170;DSO270,"200 h curriculares, dominio y desempeño no documentados; aporte específico condicionado",Inferencia analítica del programa; no medición de habilidad individual ni probabilidad de empleo
R114,Ingeniería de datos e inteligencia artificial,Ingeniero de agentes de IA,AI Agent Engineer; Agentic AI Engineer,Especialización,Inicial,35,Base inicial; formación adicional amplia,No se considera preparación suficiente para incorporarse sólo con el plan,2,1,1,1,2,32.5,100,DSO250;DSO290;DSO260;DSO240;DSO080,Programación Orientada a Objetos; Programación Web; Computación en la Nube; Metodología y Testing; Fundamentos de Análisis de Sistemas,"Integraciones, estados, pruebas y seguridad ayudan a construir flujos","Uso de herramientas por modelos, permisos, evaluación, supervisión y recuperación","Integraciones, estados, pruebas y seguridad ayudan a construir flujos. La valoración de tareas es 1/4 y la de herramientas 1/4 porque resta: Uso de herramientas por modelos, permisos, evaluación, supervisión y recuperación. Preparación operativa: 1/4; la práctica específica no está acreditada para este perfil.","Agente acotado que registre acciones, solicite autorizaciones y tolere errores",P2;ML;ASVS;J_JAVA,https://cloud.google.com/learn/certification/machine-learning-engineer ; https://owasp.github.io/www-project-application-security-verification-standard/ ; https://jobs.smartrecruiters.com/Tipico/744000136171599--junior-java-developer-m-f-x-,DSO250: 46; DSO290: 46-47; DSO260: 47-48; DSO240: 44-45; DSO080: 33-34,Baja: transferencia indirecta o especialidad no desarrollada,No estimado: faltan programas de optativa/electivo,Internacional general; elegibilidad e idioma se verifican por oferta,2026-09-13,J_JAVA,Marco y anuncio de empleador,DSO010;DSO020;DSO030;DSO160;DSO170;DSO270,"200 h curriculares, dominio y desempeño no documentados; aporte específico condicionado",Inferencia analítica del programa; no medición de habilidad individual ni probabilidad de empleo
R111,Ingeniería de datos e inteligencia artificial,Ingeniero de machine learning,Machine Learning Engineer,Ocupación,Inicial,35,Base inicial; formación adicional amplia,No se considera preparación suficiente para incorporarse sólo con el plan,2,1,1,1,2,32.5,100,DSO190;DSO060;DSO250;DSO260;DSO240,Ciencia de Datos Aplicada; Álgebra y Estadística; Programación Orientada a Objetos; Computación en la Nube; Metodología y Testing,Combina introducción a ML con construcción de software,"Librerías ML, entrenamiento reproducible, serving, evaluación y monitoreo","Combina introducción a ML con construcción de software. La valoración de tareas es 1/4 y la de herramientas 1/4 porque resta: Librerías ML, entrenamiento reproducible, serving, evaluación y monitoreo. Preparación operativa: 1/4; la práctica específica no está acreditada para este perfil.","Modelo desplegado con versionado, pruebas y alertas de degradación",P2;ML;DS,https://cloud.google.com/learn/certification/machine-learning-engineer ; https://www.onetonline.org/link/summary/15-2051.00,DSO190: 34-35; DSO060: 32-33; DSO250: 46; DSO260: 47-48; DSO240: 44-45,Baja: transferencia indirecta o especialidad no desarrollada,No estimado: faltan programas de optativa/electivo,Internacional general; elegibilidad e idioma se verifican por oferta,2026-09-13,,Marco ocupacional/técnico; sin anuncio específico asociado,DSO010;DSO020;DSO030;DSO160;DSO170;DSO270,"200 h curriculares, dominio y desempeño no documentados; aporte específico condicionado",Inferencia analítica del programa; no medición de habilidad individual ni probabilidad de empleo
R156,"Redes, cloud y DevOps",Administrador Kubernetes,Kubernetes Administrator; Kubernetes Engineer,Especialización,Inicial,35,Base inicial; formación adicional amplia,No se considera preparación suficiente para incorporarse sólo con el plan,2,1,1,1,3,35.0,100,DSO260;DSO220;DSO210,Computación en la Nube; Redes y Sistemas Distribuidos; Sistemas Operativos Aplicados,"Docker, Linux y redes son prerrequisitos parciales","Kubernetes, scheduling, RBAC, servicios, almacenamiento y diagnóstico del clúster","Docker, Linux y redes son prerrequisitos parciales. La valoración de tareas es 1/4 y la de herramientas 1/4 porque resta: Kubernetes, scheduling, RBAC, servicios, almacenamiento y diagnóstico del clúster. Preparación operativa: 1/4; la práctica específica no está acreditada para este perfil.","Clúster con aplicaciones, políticas y recuperación ante fallos",P2;K8S,https://training.linuxfoundation.org/certification/certified-kubernetes-administrator-cka/,DSO260: 47-48; DSO220: 42-43; DSO210: 40-42,Baja: transferencia indirecta o especialidad no desarrollada,No estimado: faltan programas de optativa/electivo,Internacional general; elegibilidad e idioma se verifican por oferta,2026-09-13,,Marco ocupacional/técnico; sin anuncio específico asociado,DSO010;DSO020;DSO030;DSO160;DSO170;DSO270,"200 h curriculares, dominio y desempeño no documentados; aporte específico condicionado",Inferencia analítica del programa; no medición de habilidad individual ni probabilidad de empleo
R160,"Redes, cloud y DevOps",Analista FinOps,FinOps Analyst; Cloud Cost Analyst,Ocupación,Inicial,35,Base inicial; formación adicional amplia,No se considera preparación suficiente para incorporarse sólo con el plan,2,1,1,1,2,32.5,100,DSO260;DSO060;DSO140;DSO190,Computación en la Nube; Álgebra y Estadística; Emprendedurismo; Ciencia de Datos Aplicada,"Costos cloud introductorios, datos y negocio ofrecen base","Asignación, facturación, previsión, optimización y colaboración financiera","Costos cloud introductorios, datos y negocio ofrecen base. La valoración de tareas es 1/4 y la de herramientas 1/4 porque resta: Asignación, facturación, previsión, optimización y colaboración financiera. Preparación operativa: 1/4; la práctica específica no está acreditada para este perfil.","Modelo de costos con etiquetas, variaciones y recomendaciones verificables",P2;FINOPS,https://www.finops.org/framework/,DSO260: 47-48; DSO060: 32-33; DSO140: 49-50; DSO190: 34-35,Baja: transferencia indirecta o especialidad no desarrollada,No estimado: faltan programas de optativa/electivo,Internacional general; elegibilidad e idioma se verifican por oferta,2026-09-13,,Marco ocupacional/técnico; sin anuncio específico asociado,DSO010;DSO020;DSO030;DSO160;DSO170;DSO270,"200 h curriculares, dominio y desempeño no documentados; aporte específico condicionado",Inferencia analítica del programa; no medición de habilidad individual ni probabilidad de empleo
R145,"Redes, cloud y DevOps",Ingeniero de redes inalámbricas,Wireless Network Engineer; Wi-Fi Engineer,Especialización,Inicial,35,Base inicial; formación adicional amplia,No se considera preparación suficiente para incorporarse sólo con el plan,2,1,1,1,3,35.0,100,DSO220;DSO090,Redes y Sistemas Distribuidos; Arquitectura de Hardware Computacional,Redes e interfaces inalámbricas ofrecen una introducción,"Radiofrecuencia, estudios de sitio, roaming, controladoras y seguridad Wi-Fi","Redes e interfaces inalámbricas ofrecen una introducción. La valoración de tareas es 1/4 y la de herramientas 1/4 porque resta: Radiofrecuencia, estudios de sitio, roaming, controladoras y seguridad Wi-Fi. Preparación operativa: 1/4; la práctica específica no está acreditada para este perfil.",Plan de cobertura y mediciones que justifiquen capacidad y canales,P2;NET;HW,https://www.cisco.com/site/us/en/learn/training-certifications/exams/ccna.html ; https://www.onetonline.org/link/summary/17-2061.00,DSO220: 42-43; DSO090: 36-37,Baja: transferencia indirecta o especialidad no desarrollada,No estimado: faltan programas de optativa/electivo,Internacional general; elegibilidad e idioma se verifican por oferta,2026-09-13,,Marco ocupacional/técnico; sin anuncio específico asociado,DSO010;DSO020;DSO030;DSO160;DSO170;DSO270,"200 h curriculares, dominio y desempeño no documentados; aporte específico condicionado",Inferencia analítica del programa; no medición de habilidad individual ni probabilidad de empleo
R199,"Análisis, producto, diseño y relación con clientes",Diseñador de servicios,Service Designer,Ocupación,Inicial,30,Base inicial; formación adicional amplia,No se considera preparación suficiente para incorporarse sólo con el plan,2,1,0,1,2,27.5,100,DSO080;DSO200;DSO140;DSO040,Fundamentos de Análisis de Sistemas; Diseño de Software; Emprendedurismo; Taller de Tecnología,Análisis de procesos e interacción aporta base indirecta,"Investigación multicanal, journey maps, service blueprints y cambio organizacional","Análisis de procesos e interacción aporta base indirecta. La valoración de tareas es 1/4 y la de herramientas 0/4 porque resta: Investigación multicanal, journey maps, service blueprints y cambio organizacional. Preparación operativa: 1/4; la práctica específica no está acreditada para este perfil.",Mapa de servicio sustentado en investigación y pruebas de mejora,P2;UX;IIBA,https://www.onetonline.org/link/summary/15-1255.00 ; https://www.iiba.org/knowledgehub/the-business-analysis-standard/,DSO080: 33-34; DSO200: 35-36; DSO140: 49-50; DSO040: 28-29,Baja: transferencia indirecta o especialidad no desarrollada,No estimado: faltan programas de optativa/electivo,Internacional general; elegibilidad e idioma se verifican por oferta,2026-09-13,,Marco ocupacional/técnico; sin anuncio específico asociado,DSO010;DSO020;DSO030;DSO160;DSO170;DSO270,"200 h curriculares, dominio y desempeño no documentados; aporte específico condicionado",Inferencia analítica del programa; no medición de habilidad individual ni probabilidad de empleo
R016,Desarrollo de software,Desarrollador C/C++,C++ Developer; C Developer,Especialización,Inicial,30,Base inicial; formación adicional amplia,No se considera preparación suficiente para incorporarse sólo con el plan,2,1,0,1,3,30.0,100,DSO130;DSO090;DSO100;DSO250,Programación Estructurada; Arquitectura de Hardware Computacional; Introducción a los Sistemas Operativos; Programación Orientada a Objetos,"Estructuras, POO y memoria aportan fundamentos generales","Lenguajes C/C++, punteros, gestión de memoria, build y depuradores nativos","Estructuras, POO y memoria aportan fundamentos generales. La valoración de tareas es 1/4 y la de herramientas 0/4 porque resta: Lenguajes C/C++, punteros, gestión de memoria, build y depuradores nativos. Preparación operativa: 1/4; la práctica específica no está acreditada para este perfil.",Aplicación nativa instrumentada con pruebas y detección de errores de memoria,P2;DEV;J_EMBED,https://www.onetonline.org/link/summary/15-1252.00 ; https://www.ardusimple.com/wp-content/uploads/2023/04/20230418_EPS_Works_embedded_engineer.pdf,DSO130: 45-46; DSO090: 36-37; DSO100: 37-38; DSO250: 46,Baja: transferencia indirecta o especialidad no desarrollada,No estimado: faltan programas de optativa/electivo,Internacional general; elegibilidad e idioma se verifican por oferta,2026-09-13,J_EMBED,Marco y anuncio de empleador,DSO010;DSO020;DSO030;DSO160;DSO170;DSO270,"200 h curriculares, dominio y desempeño no documentados; aporte específico condicionado",Inferencia analítica del programa; no medición de habilidad individual ni probabilidad de empleo
R117,Ingeniería de datos e inteligencia artificial,Ingeniero NLP,NLP Engineer; Natural Language Processing Engineer,Especialización,Inicial,30,Base inicial; formación adicional amplia,No se considera preparación suficiente para incorporarse sólo con el plan,2,1,1,0,2,28.75,100,DSO190;DSO060;DSO050;DSO130,Ciencia de Datos Aplicada; Álgebra y Estadística; Lógica Matemática; Programación Estructurada,El programa menciona datos de texto y bag of words,"Lingüística computacional, transformers, tokenización y entrenamiento especializado","El programa menciona datos de texto y bag of words. La valoración de tareas es 1/4 y la de herramientas 1/4 porque resta: Lingüística computacional, transformers, tokenización y entrenamiento especializado. Preparación operativa: 0/4; la práctica específica no está acreditada para este perfil.",Sistema de texto con baseline y análisis de error por categorías,P2;ML;DS,https://cloud.google.com/learn/certification/machine-learning-engineer ; https://www.onetonline.org/link/summary/15-2051.00,DSO190: 34-35; DSO060: 32-33; DSO050: 32; DSO130: 45-46,Baja: transferencia indirecta o especialidad no desarrollada,No estimado: faltan programas de optativa/electivo,Internacional general; elegibilidad e idioma se verifican por oferta,2026-09-13,,Marco ocupacional/técnico; sin anuncio específico asociado,DSO010;DSO020;DSO030;DSO160;DSO170;DSO270,"200 h curriculares, dominio y desempeño no documentados; aporte específico condicionado",Inferencia analítica del programa; no medición de habilidad individual ni probabilidad de empleo
R119,Ingeniería de datos e inteligencia artificial,Ingeniero de sistemas de recomendación,Recommendation Systems Engineer,Especialización,Inicial,30,Base inicial; formación adicional amplia,No se considera preparación suficiente para incorporarse sólo con el plan,2,1,1,0,2,28.75,100,DSO190;DSO060;DSO120;DSO230,Ciencia de Datos Aplicada; Álgebra y Estadística; Base de Datos Relacionales; Base de Datos Avanzadas,"Datos, segmentación y predicción aportan fundamentos","Ranking, evaluación offline/online, sesgos y serving de recomendaciones","Datos, segmentación y predicción aportan fundamentos. La valoración de tareas es 1/4 y la de herramientas 1/4 porque resta: Ranking, evaluación offline/online, sesgos y serving de recomendaciones. Preparación operativa: 0/4; la práctica específica no está acreditada para este perfil.","Recomendador con baseline, partición temporal y métricas apropiadas",P2;ML;DS,https://cloud.google.com/learn/certification/machine-learning-engineer ; https://www.onetonline.org/link/summary/15-2051.00,DSO190: 34-35; DSO060: 32-33; DSO120: 38-40; DSO230: 43-44,Baja: transferencia indirecta o especialidad no desarrollada,No estimado: faltan programas de optativa/electivo,Internacional general; elegibilidad e idioma se verifican por oferta,2026-09-13,,Marco ocupacional/técnico; sin anuncio específico asociado,DSO010;DSO020;DSO030;DSO160;DSO170;DSO270,"200 h curriculares, dominio y desempeño no documentados; aporte específico condicionado",Inferencia analítica del programa; no medición de habilidad individual ni probabilidad de empleo
R051,Plataformas empresariales y automatización,Consultor funcional ERP,ERP Functional Consultant; SAP Functional Consultant,Ocupación,Inicial,30,Base inicial; formación adicional amplia,No se considera preparación suficiente para incorporarse sólo con el plan,2,1,0,1,2,27.5,100,DSO080;DSO140;DSO110;DSO040,Fundamentos de Análisis de Sistemas; Emprendedurismo; Modelo de Datos; Taller de Tecnología,"Relevamiento, organizaciones y datos ayudan a analizar procesos","Módulo ERP, contabilidad/logística del cliente, parametrización y migración","Relevamiento, organizaciones y datos ayudan a analizar procesos. La valoración de tareas es 1/4 y la de herramientas 0/4 porque resta: Módulo ERP, contabilidad/logística del cliente, parametrización y migración. Preparación operativa: 1/4; la práctica específica no está acreditada para este perfil.",Configurar un proceso de negocio y validar casos con usuarios,P2;BA;IIBA;SAP,https://www.onetonline.org/link/summary/15-1211.00 ; https://www.iiba.org/knowledgehub/the-business-analysis-standard/ ; https://learning.sap.com/courses/basic-abap-programming,DSO080: 33-34; DSO140: 49-50; DSO110: 38; DSO040: 28-29,Baja: transferencia indirecta o especialidad no desarrollada,No estimado: faltan programas de optativa/electivo,Internacional general; elegibilidad e idioma se verifican por oferta,2026-09-13,,Marco ocupacional/técnico; sin anuncio específico asociado,DSO010;DSO020;DSO030;DSO160;DSO170;DSO270,"200 h curriculares, dominio y desempeño no documentados; aporte específico condicionado",Inferencia analítica del programa; no medición de habilidad individual ni probabilidad de empleo
R161,"Redes, cloud y DevOps",Ingeniero HPC,HPC Engineer; High Performance Computing Engineer,Especialización,Inicial,30,Base inicial; formación adicional amplia,No se considera preparación suficiente para incorporarse sólo con el plan,2,1,1,0,3,31.25,100,DSO090;DSO220;DSO260;DSO060,Arquitectura de Hardware Computacional; Redes y Sistemas Distribuidos; Computación en la Nube; Álgebra y Estadística,"Arquitecturas paralelas, archivos distribuidos y MapReduce aportan conceptos","Linux avanzado, schedulers HPC, MPI, GPUs y rendimiento científico","Arquitecturas paralelas, archivos distribuidos y MapReduce aportan conceptos. La valoración de tareas es 1/4 y la de herramientas 1/4 porque resta: Linux avanzado, schedulers HPC, MPI, GPUs y rendimiento científico. Preparación operativa: 0/4; la práctica específica no está acreditada para este perfil.",Trabajo paralelo con medición de escalabilidad y uso de recursos,P2;SYS;RESEARCH,https://www.onetonline.org/link/summary/15-1244.00 ; https://www.onetonline.org/link/summary/15-1221.00,DSO090: 36-37; DSO220: 42-43; DSO260: 47-48; DSO060: 32-33,Baja: transferencia indirecta o especialidad no desarrollada,No estimado: faltan programas de optativa/electivo,Internacional general; elegibilidad e idioma se verifican por oferta,2026-09-13,,Marco ocupacional/técnico; sin anuncio específico asociado,DSO010;DSO020;DSO030;DSO160;DSO170;DSO270,"200 h curriculares, dominio y desempeño no documentados; aporte específico condicionado",Inferencia analítica del programa; no medición de habilidad individual ni probabilidad de empleo
R231,Sistemas especializados y ocupaciones digitales adyacentes,Analista GIS,GIS Analyst; Geospatial Analyst,Ocupación,Inicial,30,Base inicial; formación adicional amplia,No se considera preparación suficiente para incorporarse sólo con el plan,2,1,0,1,2,27.5,100,DSO190;DSO060;DSO120,Ciencia de Datos Aplicada; Álgebra y Estadística; Base de Datos Relacionales,Datos y estadística aportan fundamentos generales,"Cartografía, proyecciones, análisis espacial y ArcGIS/QGIS","Datos y estadística aportan fundamentos generales. La valoración de tareas es 1/4 y la de herramientas 0/4 porque resta: Cartografía, proyecciones, análisis espacial y ArcGIS/QGIS. Preparación operativa: 1/4; la práctica específica no está acreditada para este perfil.",Análisis espacial reproducible con elección justificada de proyección,P2;GIS,https://www.onetonline.org/link/summary/15-1299.02,DSO190: 34-35; DSO060: 32-33; DSO120: 38-40,Baja: transferencia indirecta o especialidad no desarrollada,No estimado: faltan programas de optativa/electivo,Internacional general; elegibilidad e idioma se verifican por oferta,2026-09-13,,Marco ocupacional/técnico; sin anuncio específico asociado,DSO010;DSO020;DSO030;DSO160;DSO170;DSO270,"200 h curriculares, dominio y desempeño no documentados; aporte específico condicionado",Inferencia analítica del programa; no medición de habilidad individual ni probabilidad de empleo
R224,Sistemas especializados y ocupaciones digitales adyacentes,Desarrollador XR,AR Developer; VR Developer; XR Engineer,Especialización,Inicial,30,Base inicial; formación adicional amplia,No se considera preparación suficiente para incorporarse sólo con el plan,2,1,0,1,3,30.0,100,DSO300;DSO200;DSO250;DSO090,Programación de Aplicaciones para Celulares; Diseño de Software; Programación Orientada a Objetos; Arquitectura de Hardware Computacional,"Móviles, interfaces y sensores aportan base indirecta","Motor XR, seguimiento, interacción espacial, rendimiento y confort","Móviles, interfaces y sensores aportan base indirecta. La valoración de tareas es 1/4 y la de herramientas 0/4 porque resta: Motor XR, seguimiento, interacción espacial, rendimiento y confort. Preparación operativa: 1/4; la práctica específica no está acreditada para este perfil.",Experiencia XR con interacción y rendimiento comprobados en dispositivo,P2;GAME;UNITY;UX,https://www.onetonline.org/link/summary/15-1255.01 ; https://docs.unity3d.com/Manual/scripting.html ; https://www.onetonline.org/link/summary/15-1255.00,DSO300: 47; DSO200: 35-36; DSO250: 46; DSO090: 36-37,Baja: transferencia indirecta o especialidad no desarrollada,No estimado: faltan programas de optativa/electivo,Internacional general; elegibilidad e idioma se verifican por oferta,2026-09-13,,Marco ocupacional/técnico; sin anuncio específico asociado,DSO010;DSO020;DSO030;DSO160;DSO170;DSO270,"200 h curriculares, dominio y desempeño no documentados; aporte específico condicionado",Inferencia analítica del programa; no medición de habilidad individual ni probabilidad de empleo
R225,Sistemas especializados y ocupaciones digitales adyacentes,Diseñador de videojuegos,Game Designer; Systems Game Designer,Ocupación,Inicial,30,Base inicial; formación adicional amplia,No se considera preparación suficiente para incorporarse sólo con el plan,2,1,0,1,2,27.5,100,DSO200;DSO060;DSO080;DSO130,Diseño de Software; Álgebra y Estadística; Fundamentos de Análisis de Sistemas; Programación Estructurada,"Interacción, lógica y requisitos ayudan a prototipar reglas","Diseño lúdico, balance, progresión, narrativa y validación con jugadores","Interacción, lógica y requisitos ayudan a prototipar reglas. La valoración de tareas es 1/4 y la de herramientas 0/4 porque resta: Diseño lúdico, balance, progresión, narrativa y validación con jugadores. Preparación operativa: 1/4; la práctica específica no está acreditada para este perfil.",Prototipo con reglas y decisiones sustentadas por pruebas de juego,P2;GAME,https://www.onetonline.org/link/summary/15-1255.01,DSO200: 35-36; DSO060: 32-33; DSO080: 33-34; DSO130: 45-46,Baja: transferencia indirecta o especialidad no desarrollada,No estimado: faltan programas de optativa/electivo,Internacional general; elegibilidad e idioma se verifican por oferta,2026-09-13,,Marco ocupacional/técnico; sin anuncio específico asociado,DSO010;DSO020;DSO030;DSO160;DSO170;DSO270,"200 h curriculares, dominio y desempeño no documentados; aporte específico condicionado",Inferencia analítica del programa; no medición de habilidad individual ni probabilidad de empleo
R206,"Análisis, producto, diseño y relación con clientes",Reclutador técnico IT,Technical Recruiter; IT Recruiter,Ocupación adyacente,Inicial,25,Base inicial; formación adicional amplia,No se considera preparación suficiente para incorporarse sólo con el plan,2,1,0,0,2,23.75,100,DSO030;DSO270;DSO150;DSO250,Desarrollo del Pensamiento y Desempeño de Roles; Técnicas Laborales para el Desarrollo de Software; Legislación de las TIC; Programación Orientada a Objetos,Conocer roles y tecnologías ayuda a comprender perfiles técnicos,"Selección, entrevistas, sourcing, ATS y normativa laboral del mercado","Conocer roles y tecnologías ayuda a comprender perfiles técnicos. La valoración de tareas es 1/4 y la de herramientas 0/4 porque resta: Selección, entrevistas, sourcing, ATS y normativa laboral del mercado. Preparación operativa: 0/4; la práctica específica no está acreditada para este perfil.",Definir un perfil y una entrevista estructurada con criterios verificables,P2;SFIA;LEVEL,https://sfia-online.org/en/the-sfia-framework ; https://sfia-online.org/en/about-sfia/how-sfia-works,DSO030: 26-28; DSO270: 29-30; DSO150: 51; DSO250: 46,Baja: transferencia indirecta o especialidad no desarrollada,No estimado: faltan programas de optativa/electivo,Internacional general; elegibilidad e idioma se verifican por oferta,2026-09-13,,Marco ocupacional/técnico; sin anuncio específico asociado,DSO010;DSO020;DSO160;DSO170,"200 h curriculares, dominio y desempeño no documentados; aporte específico condicionado",Inferencia analítica del programa; no medición de habilidad individual ni probabilidad de empleo
R241,"Arquitectura, liderazgo e investigación avanzada",Arquitecto de datos,Data Architect,Ocupación,Experiencia avanzada,25,Base inicial; formación adicional amplia,No es salida directa de egreso: requiere trayectoria y responsabilidad demostradas,3,1,1,0,2,33.75,25,DSO110;DSO120;DSO230;DSO260;DSO080,Modelo de Datos; Base de Datos Relacionales; Base de Datos Avanzadas; Computación en la Nube; Fundamentos de Análisis de Sistemas,Modelos y almacenes proporcionan base técnica,"Arquitectura empresarial de datos, gobierno, escalabilidad y decisiones entre dominios","Modelos y almacenes proporcionan base técnica. La valoración de tareas es 1/4 y la de herramientas 1/4 porque resta: Arquitectura empresarial de datos, gobierno, escalabilidad y decisiones entre dominios. Preparación operativa: 0/4; la práctica específica no está acreditada para este perfil. Se aplica un techo de 25% por exigir experiencia avanzada; las bases no sustituyen esa trayectoria.","Diseño de plataforma con linaje, estándares y resultados de adopción",P2;DE;DBA;LEVEL,https://cloud.google.com/learn/certification/data-engineer ; https://www.onetonline.org/link/summary/15-1242.00 ; https://sfia-online.org/en/about-sfia/how-sfia-works,DSO110: 38; DSO120: 38-40; DSO230: 43-44; DSO260: 47-48; DSO080: 33-34,Baja: transferencia indirecta o especialidad no desarrollada,No estimado: faltan programas de optativa/electivo,Internacional general; elegibilidad e idioma se verifican por oferta,2026-09-13,,Marco ocupacional/técnico; sin anuncio específico asociado,DSO010;DSO020;DSO030;DSO160;DSO170;DSO270,"200 h curriculares, dominio y desempeño no documentados; aporte específico condicionado",Inferencia analítica del programa; no medición de habilidad individual ni probabilidad de empleo
R242,"Arquitectura, liderazgo e investigación avanzada",Arquitecto de seguridad,Security Architect,Ocupación,Experiencia avanzada,25,Base inicial; formación adicional amplia,No es salida directa de egreso: requiere trayectoria y responsabilidad demostradas,2,1,1,0,2,28.75,25,DSO260;DSO220;DSO210;DSO150;DSO200,Computación en la Nube; Redes y Sistemas Distribuidos; Sistemas Operativos Aplicados; Legislación de las TIC; Diseño de Software,"Redes, codificación segura y diseño aportan base","Arquitectura de controles, riesgos, amenazas y experiencia transversal","Redes, codificación segura y diseño aportan base. La valoración de tareas es 1/4 y la de herramientas 1/4 porque resta: Arquitectura de controles, riesgos, amenazas y experiencia transversal. Preparación operativa: 0/4; la práctica específica no está acreditada para este perfil. Se aplica un techo de 25% por exigir experiencia avanzada; las bases no sustituyen esa trayectoria.","Diseño de controles con amenazas, compromisos y validación",P2;NICE;ASVS;LEVEL,https://www.nist.gov/itl/applied-cybersecurity/nice/nice-framework-resource-center/getting-started ; https://owasp.github.io/www-project-application-security-verification-standard/ ; https://sfia-online.org/en/about-sfia/how-sfia-works,DSO260: 47-48; DSO220: 42-43; DSO210: 40-42; DSO150: 51; DSO200: 35-36,Baja: transferencia indirecta o especialidad no desarrollada,No estimado: faltan programas de optativa/electivo,Internacional general; elegibilidad e idioma se verifican por oferta,2026-09-13,,Marco ocupacional/técnico; sin anuncio específico asociado,DSO010;DSO020;DSO030;DSO160;DSO170;DSO270,"200 h curriculares, dominio y desempeño no documentados; aporte específico condicionado",Inferencia analítica del programa; no medición de habilidad individual ni probabilidad de empleo
R239,"Arquitectura, liderazgo e investigación avanzada",Arquitecto de software,Software Architect,Ocupación,Experiencia avanzada,25,Base inicial; formación adicional amplia,No es salida directa de egreso: requiere trayectoria y responsabilidad demostradas,3,1,1,0,2,33.75,25,DSO200;DSO080;DSO220;DSO250;DSO260,Diseño de Software; Fundamentos de Análisis de Sistemas; Redes y Sistemas Distribuidos; Programación Orientada a Objetos; Computación en la Nube,Patrones y atributos de arquitectura están incluidos como fundamentos,"Diseño de sistemas complejos, trade-offs, evolución y validación en producción","Patrones y atributos de arquitectura están incluidos como fundamentos. La valoración de tareas es 1/4 y la de herramientas 1/4 porque resta: Diseño de sistemas complejos, trade-offs, evolución y validación en producción. Preparación operativa: 0/4; la práctica específica no está acreditada para este perfil. Se aplica un techo de 25% por exigir experiencia avanzada; las bases no sustituyen esa trayectoria.",Arquitectura con decisiones justificadas y resultados operativos,P2;DEV;LEVEL,https://www.onetonline.org/link/summary/15-1252.00 ; https://sfia-online.org/en/about-sfia/how-sfia-works,DSO200: 35-36; DSO080: 33-34; DSO220: 42-43; DSO250: 46; DSO260: 47-48,Baja: transferencia indirecta o especialidad no desarrollada,No estimado: faltan programas de optativa/electivo,Internacional general; elegibilidad e idioma se verifican por oferta,2026-09-13,,Marco ocupacional/técnico; sin anuncio específico asociado,DSO010;DSO020;DSO030;DSO160;DSO170;DSO270,"200 h curriculares, dominio y desempeño no documentados; aporte específico condicionado",Inferencia analítica del programa; no medición de habilidad individual ni probabilidad de empleo
R240,"Arquitectura, liderazgo e investigación avanzada",Arquitecto de soluciones cloud,Cloud Solutions Architect; Solutions Architect,Ocupación,Experiencia avanzada,25,Base inicial; formación adicional amplia,No es salida directa de egreso: requiere trayectoria y responsabilidad demostradas,2,1,1,0,2,28.75,25,DSO260;DSO220;DSO210;DSO080;DSO140,Computación en la Nube; Redes y Sistemas Distribuidos; Sistemas Operativos Aplicados; Fundamentos de Análisis de Sistemas; Emprendedurismo,"Cloud, infraestructura y análisis aportan fundamentos","Arquitectura de proveedor, requisitos empresariales, costos y experiencia de implementación","Cloud, infraestructura y análisis aportan fundamentos. La valoración de tareas es 1/4 y la de herramientas 1/4 porque resta: Arquitectura de proveedor, requisitos empresariales, costos y experiencia de implementación. Preparación operativa: 0/4; la práctica específica no está acreditada para este perfil. Se aplica un techo de 25% por exigir experiencia avanzada; las bases no sustituyen esa trayectoria.","Solución validada contra disponibilidad, seguridad, costo y operación",P2;GCP;AWS;LEVEL,https://cloud.google.com/learn/certification/cloud-engineer ; https://aws.amazon.com/certification/certified-developer-associate/ ; https://sfia-online.org/en/about-sfia/how-sfia-works,DSO260: 47-48; DSO220: 42-43; DSO210: 40-42; DSO080: 33-34; DSO140: 49-50,Baja: transferencia indirecta o especialidad no desarrollada,No estimado: faltan programas de optativa/electivo,Internacional general; elegibilidad e idioma se verifican por oferta,2026-09-13,,Marco ocupacional/técnico; sin anuncio específico asociado,DSO010;DSO020;DSO030;DSO160;DSO170;DSO270,"200 h curriculares, dominio y desempeño no documentados; aporte específico condicionado",Inferencia analítica del programa; no medición de habilidad individual ni probabilidad de empleo
R243,"Arquitectura, liderazgo e investigación avanzada",Arquitecto empresarial,Enterprise Architect,Ocupación,Experiencia avanzada,25,Base inicial; formación adicional amplia,No es salida directa de egreso: requiere trayectoria y responsabilidad demostradas,2,1,0,0,2,23.75,25,DSO080;DSO140;DSO200;DSO040,Fundamentos de Análisis de Sistemas; Emprendedurismo; Diseño de Software; Taller de Tecnología,"Organización, análisis y diseño ofrecen nociones iniciales","Estrategia, portafolio, capacidades de negocio y transformación organizacional","Organización, análisis y diseño ofrecen nociones iniciales. La valoración de tareas es 1/4 y la de herramientas 0/4 porque resta: Estrategia, portafolio, capacidades de negocio y transformación organizacional. Preparación operativa: 0/4; la práctica específica no está acreditada para este perfil. Se aplica un techo de 25% por exigir experiencia avanzada; las bases no sustituyen esa trayectoria.",Hoja de ruta empresarial sustentada en capacidades y dependencias,P2;SFIA;LEVEL;IIBA,https://sfia-online.org/en/the-sfia-framework ; https://sfia-online.org/en/about-sfia/how-sfia-works ; https://www.iiba.org/knowledgehub/the-business-analysis-standard/,DSO080: 33-34; DSO140: 49-50; DSO200: 35-36; DSO040: 28-29,Baja: transferencia indirecta o especialidad no desarrollada,No estimado: faltan programas de optativa/electivo,Internacional general; elegibilidad e idioma se verifican por oferta,2026-09-13,,Marco ocupacional/técnico; sin anuncio específico asociado,DSO010;DSO020;DSO030;DSO160;DSO170;DSO270,"200 h curriculares, dominio y desempeño no documentados; aporte específico condicionado",Inferencia analítica del programa; no medición de habilidad individual ni probabilidad de empleo
R237,"Arquitectura, liderazgo e investigación avanzada",Desarrollador senior,Senior Software Engineer,Nivel de responsabilidad,Experiencia avanzada,25,Base inicial; formación adicional amplia,No es salida directa de egreso: requiere trayectoria y responsabilidad demostradas,3,2,2,1,2,51.25,25,DSO250;DSO200;DSO240;DSO260;DSO080,Programación Orientada a Objetos; Diseño de Software; Metodología y Testing; Computación en la Nube; Fundamentos de Análisis de Sistemas,La carrera aporta construcción y diseño de software,"Autonomía sostenida, decisiones complejas, impacto y experiencia en producción","La carrera aporta construcción y diseño de software. La valoración de tareas es 2/4 y la de herramientas 2/4 porque resta: Autonomía sostenida, decisiones complejas, impacto y experiencia en producción. Preparación operativa: 1/4; la práctica específica no está acreditada para este perfil. Se aplica un techo de 25% por exigir experiencia avanzada; las bases no sustituyen esa trayectoria.",Historial de sistemas mantenidos y decisiones con resultados medidos,P2;DEV;LEVEL,https://www.onetonline.org/link/summary/15-1252.00 ; https://sfia-online.org/en/about-sfia/how-sfia-works,DSO250: 46; DSO200: 35-36; DSO240: 44-45; DSO260: 47-48; DSO080: 33-34,"Media: programa explícito, desempeño individual no medido",No estimado: faltan programas de optativa/electivo,Internacional general; elegibilidad e idioma se verifican por oferta,2026-09-13,,Marco ocupacional/técnico; sin anuncio específico asociado,DSO010;DSO020;DSO030;DSO160;DSO170;DSO270,"200 h curriculares, dominio y desempeño no documentados; aporte específico condicionado",Inferencia analítica del programa; no medición de habilidad individual ni probabilidad de empleo
R244,"Arquitectura, liderazgo e investigación avanzada",Gerente de ingeniería,Engineering Manager; Software Development Manager,Ocupación,Experiencia avanzada,25,Base inicial; formación adicional amplia,No es salida directa de egreso: requiere trayectoria y responsabilidad demostradas,2,1,1,0,1,26.25,25,DSO270;DSO030;DSO140;DSO040;DSO240,Técnicas Laborales para el Desarrollo de Software; Desarrollo del Pensamiento y Desempeño de Roles; Emprendedurismo; Taller de Tecnología; Metodología y Testing,Trabajo en equipo y planificación aportan fundamentos,"Gestión de personas, contratación, desempeño, presupuesto y entrega sostenida","Trabajo en equipo y planificación aportan fundamentos. La valoración de tareas es 1/4 y la de herramientas 1/4 porque resta: Gestión de personas, contratación, desempeño, presupuesto y entrega sostenida. Preparación operativa: 0/4; la práctica específica no está acreditada para este perfil. Se aplica un techo de 25% por exigir experiencia avanzada; las bases no sustituyen esa trayectoria.",Historial de desarrollo de equipos y resultados de entrega,P2;LEVEL;PM;SFIA,https://sfia-online.org/en/about-sfia/how-sfia-works ; https://www.onetonline.org/link/summary/15-1299.09 ; https://sfia-online.org/en/the-sfia-framework,DSO270: 29-30; DSO030: 26-28; DSO140: 49-50; DSO040: 28-29; DSO240: 44-45,Baja: transferencia indirecta o especialidad no desarrollada,No estimado: faltan programas de optativa/electivo,Internacional general; elegibilidad e idioma se verifican por oferta,2026-09-13,,Marco ocupacional/técnico; sin anuncio específico asociado,DSO010;DSO020;DSO160;DSO170,"200 h curriculares, dominio y desempeño no documentados; aporte específico condicionado",Inferencia analítica del programa; no medición de habilidad individual ni probabilidad de empleo
R246,"Arquitectura, liderazgo e investigación avanzada",Gerente de proyectos IT,IT Project Manager; IT Program Manager,Ocupación,Experiencia avanzada,25,Base inicial; formación adicional amplia,No es salida directa de egreso: requiere trayectoria y responsabilidad demostradas,2,2,1,0,2,37.5,25,DSO040;DSO240;DSO140;DSO270;DSO080,Taller de Tecnología; Metodología y Testing; Emprendedurismo; Técnicas Laborales para el Desarrollo de Software; Fundamentos de Análisis de Sistemas,"Metodologías, estimación y organización aportan base","Gestión integral de alcance, costos, riesgos, contratos y entrega real","Metodologías, estimación y organización aportan base. La valoración de tareas es 2/4 y la de herramientas 1/4 porque resta: Gestión integral de alcance, costos, riesgos, contratos y entrega real. Preparación operativa: 0/4; la práctica específica no está acreditada para este perfil. Se aplica un techo de 25% por exigir experiencia avanzada; las bases no sustituyen esa trayectoria.",Proyecto entregado con evidencia de gestión y resultados,P2;PM;LEVEL,https://www.onetonline.org/link/summary/15-1299.09 ; https://sfia-online.org/en/about-sfia/how-sfia-works,DSO040: 28-29; DSO240: 44-45; DSO140: 49-50; DSO270: 29-30; DSO080: 33-34,"Media: programa explícito, desempeño individual no medido",No estimado: faltan programas de optativa/electivo,Internacional general; elegibilidad e idioma se verifican por oferta,2026-09-13,,Marco ocupacional/técnico; sin anuncio específico asociado,DSO010;DSO020;DSO030;DSO160;DSO170,"200 h curriculares, dominio y desempeño no documentados; aporte específico condicionado",Inferencia analítica del programa; no medición de habilidad individual ni probabilidad de empleo
R238,"Arquitectura, liderazgo e investigación avanzada",Líder técnico,Tech Lead; Technical Lead,Nivel de responsabilidad,Experiencia avanzada,25,Base inicial; formación adicional amplia,No es salida directa de egreso: requiere trayectoria y responsabilidad demostradas,3,1,1,0,2,33.75,25,DSO200;DSO250;DSO240;DSO270;DSO030,Diseño de Software; Programación Orientada a Objetos; Metodología y Testing; Técnicas Laborales para el Desarrollo de Software; Desarrollo del Pensamiento y Desempeño de Roles,"Diseño, programación y trabajo de equipo aportan fundamentos","Dirección técnica, mentoring, coordinación, decisiones y experiencia real","Diseño, programación y trabajo de equipo aportan fundamentos. La valoración de tareas es 1/4 y la de herramientas 1/4 porque resta: Dirección técnica, mentoring, coordinación, decisiones y experiencia real. Preparación operativa: 0/4; la práctica específica no está acreditada para este perfil. Se aplica un techo de 25% por exigir experiencia avanzada; las bases no sustituyen esa trayectoria.",Evidencia de liderazgo técnico y resolución de compromisos de diseño,P2;LEVEL;SFIA,https://sfia-online.org/en/about-sfia/how-sfia-works ; https://sfia-online.org/en/the-sfia-framework,DSO200: 35-36; DSO250: 46; DSO240: 44-45; DSO270: 29-30; DSO030: 26-28,Baja: transferencia indirecta o especialidad no desarrollada,No estimado: faltan programas de optativa/electivo,Internacional general; elegibilidad e idioma se verifican por oferta,2026-09-13,,Marco ocupacional/técnico; sin anuncio específico asociado,DSO010;DSO020;DSO160;DSO170,"200 h curriculares, dominio y desempeño no documentados; aporte específico condicionado",Inferencia analítica del programa; no medición de habilidad individual ni probabilidad de empleo
R172,Ciberseguridad,Analista de inteligencia de amenazas,Cyber Threat Intelligence Analyst; CTI Analyst,Especialización,Inicial,25,Base inicial; formación adicional amplia,No se considera preparación suficiente para incorporarse sólo con el plan,2,1,0,0,2,23.75,100,DSO260;DSO220;DSO010;DSO150,Computación en la Nube; Redes y Sistemas Distribuidos; Comprensión y Producción de Textos; Legislación de las TIC,"Seguridad, redes y redacción aportan base indirecta","Fuentes, análisis de actores, evaluación de confianza y productos de inteligencia","Seguridad, redes y redacción aportan base indirecta. La valoración de tareas es 1/4 y la de herramientas 0/4 porque resta: Fuentes, análisis de actores, evaluación de confianza y productos de inteligencia. Preparación operativa: 0/4; la práctica específica no está acreditada para este perfil.","Informe con fuentes, hipótesis, confianza y recomendaciones operativas",P2;NICE,https://www.nist.gov/itl/applied-cybersecurity/nice/nice-framework-resource-center/getting-started,DSO260: 47-48; DSO220: 42-43; DSO010: 23-25; DSO150: 51,Baja: transferencia indirecta o especialidad no desarrollada,No estimado: faltan programas de optativa/electivo,Internacional general; elegibilidad e idioma se verifican por oferta,2026-09-13,,Marco ocupacional/técnico; sin anuncio específico asociado,DSO020;DSO030;DSO160;DSO170;DSO270,"200 h curriculares, dominio y desempeño no documentados; aporte específico condicionado",Inferencia analítica del programa; no medición de habilidad individual ni probabilidad de empleo
R174,Ciberseguridad,Analista de malware,Malware Analyst; Reverse Engineer,Especialización,Inicial,25,Base inicial; formación adicional amplia,No se considera preparación suficiente para incorporarse sólo con el plan,2,1,0,0,2,23.75,100,DSO090;DSO100;DSO130;DSO260,Arquitectura de Hardware Computacional; Introducción a los Sistemas Operativos; Programación Estructurada; Computación en la Nube,Arquitectura y programación dan nociones iniciales,"Ensamblador, binarios, depuradores, desensamblado y análisis aislado","Arquitectura y programación dan nociones iniciales. La valoración de tareas es 1/4 y la de herramientas 0/4 porque resta: Ensamblador, binarios, depuradores, desensamblado y análisis aislado. Preparación operativa: 0/4; la práctica específica no está acreditada para este perfil.",Análisis de una muestra educativa con comportamiento y evidencias,P2;FOREN;NICE,https://www.onetonline.org/link/summary/15-1299.06 ; https://www.nist.gov/itl/applied-cybersecurity/nice/nice-framework-resource-center/getting-started,DSO090: 36-37; DSO100: 37-38; DSO130: 45-46; DSO260: 47-48,Baja: transferencia indirecta o especialidad no desarrollada,No estimado: faltan programas de optativa/electivo,Internacional general; elegibilidad e idioma se verifican por oferta,2026-09-13,,Marco ocupacional/técnico; sin anuncio específico asociado,DSO010;DSO020;DSO030;DSO160;DSO170;DSO270,"200 h curriculares, dominio y desempeño no documentados; aporte específico condicionado",Inferencia analítica del programa; no medición de habilidad individual ni probabilidad de empleo
R173,Ciberseguridad,Analista forense digital,Digital Forensics Analyst,Ocupación,Inicial,25,Base inicial; formación adicional amplia,No se considera preparación suficiente para incorporarse sólo con el plan,2,1,0,0,2,23.75,100,DSO100;DSO210;DSO090;DSO150;DSO260,Introducción a los Sistemas Operativos; Sistemas Operativos Aplicados; Arquitectura de Hardware Computacional; Legislación de las TIC; Computación en la Nube,"Archivos, sistemas y nociones jurídicas aportan base","Adquisición forense, herramientas, preservación, cadena de custodia y análisis","Archivos, sistemas y nociones jurídicas aportan base. La valoración de tareas es 1/4 y la de herramientas 0/4 porque resta: Adquisición forense, herramientas, preservación, cadena de custodia y análisis. Preparación operativa: 0/4; la práctica específica no está acreditada para este perfil.",Caso de laboratorio con adquisición verificable y hallazgos reproducibles,P2;FOREN;NICE,https://www.onetonline.org/link/summary/15-1299.06 ; https://www.nist.gov/itl/applied-cybersecurity/nice/nice-framework-resource-center/getting-started,DSO100: 37-38; DSO210: 40-42; DSO090: 36-37; DSO150: 51; DSO260: 47-48,Baja: transferencia indirecta o especialidad no desarrollada,No estimado: faltan programas de optativa/electivo,Internacional general; elegibilidad e idioma se verifican por oferta,2026-09-13,,Marco ocupacional/técnico; sin anuncio específico asociado,DSO010;DSO020;DSO030;DSO160;DSO170;DSO270,"200 h curriculares, dominio y desempeño no documentados; aporte específico condicionado",Inferencia analítica del programa; no medición de habilidad individual ni probabilidad de empleo
R180,Ciberseguridad,Auditor de sistemas de información,IT Auditor; Information Systems Auditor,Ocupación,Inicial,25,Base inicial; formación adicional amplia,No se considera preparación suficiente para incorporarse sólo con el plan,2,1,0,0,2,23.75,100,DSO150;DSO210;DSO120;DSO140;DSO240,Legislación de las TIC; Sistemas Operativos Aplicados; Base de Datos Relacionales; Emprendedurismo; Metodología y Testing,"Comprende sistemas, controles y validación básica","Metodología de auditoría, muestreo, independencia y evaluación de controles","Comprende sistemas, controles y validación básica. La valoración de tareas es 1/4 y la de herramientas 0/4 porque resta: Metodología de auditoría, muestreo, independencia y evaluación de controles. Preparación operativa: 0/4; la práctica específica no está acreditada para este perfil.",Plan de auditoría acotado con evidencia y hallazgos sustentados,P2;NICE;SYS,https://www.nist.gov/itl/applied-cybersecurity/nice/nice-framework-resource-center/getting-started ; https://www.onetonline.org/link/summary/15-1244.00,DSO150: 51; DSO210: 40-42; DSO120: 38-40; DSO140: 49-50; DSO240: 44-45,Baja: transferencia indirecta o especialidad no desarrollada,No estimado: faltan programas de optativa/electivo,Internacional general; elegibilidad e idioma se verifican por oferta,2026-09-13,,Marco ocupacional/técnico; sin anuncio específico asociado,DSO010;DSO020;DSO030;DSO160;DSO170;DSO270,"200 h curriculares, dominio y desempeño no documentados; aporte específico condicionado",Inferencia analítica del programa; no medición de habilidad individual ni probabilidad de empleo
R184,Ciberseguridad,Especialista en seguridad OT/ICS,OT Security Analyst; Industrial Cybersecurity Engineer,Especialización,Inicial,25,Base inicial; formación adicional amplia,No se considera preparación suficiente para incorporarse sólo con el plan,2,1,0,0,2,23.75,100,DSO090;DSO220;DSO260,Arquitectura de Hardware Computacional; Redes y Sistemas Distribuidos; Computación en la Nube,"Interfaces industriales, redes y seguridad dan base distante","Procesos industriales, protocolos OT, seguridad funcional y monitoreo específico","Interfaces industriales, redes y seguridad dan base distante. La valoración de tareas es 1/4 y la de herramientas 0/4 porque resta: Procesos industriales, protocolos OT, seguridad funcional y monitoreo específico. Preparación operativa: 0/4; la práctica específica no está acreditada para este perfil.",Inventario y evaluación de una red OT simulada sin afectar control,P2;NICE;HW,https://www.nist.gov/itl/applied-cybersecurity/nice/nice-framework-resource-center/getting-started ; https://www.onetonline.org/link/summary/17-2061.00,DSO090: 36-37; DSO220: 42-43; DSO260: 47-48,Baja: transferencia indirecta o especialidad no desarrollada,No estimado: faltan programas de optativa/electivo,Internacional general; elegibilidad e idioma se verifican por oferta,2026-09-13,,Marco ocupacional/técnico; sin anuncio específico asociado,DSO010;DSO020;DSO030;DSO160;DSO170;DSO270,"200 h curriculares, dominio y desempeño no documentados; aporte específico condicionado",Inferencia analítica del programa; no medición de habilidad individual ni probabilidad de empleo
R186,Ciberseguridad,Especialista en seguridad de IA,AI Security Engineer; AI Red Teamer,Especialización,Inicial,25,Base inicial; formación adicional amplia,No se considera preparación suficiente para incorporarse sólo con el plan,2,1,0,0,2,23.75,100,DSO260;DSO190;DSO240;DSO150,Computación en la Nube; Ciencia de Datos Aplicada; Metodología y Testing; Legislación de las TIC,Seguridad de software y nociones de IA aportan una base indirecta,"Modelos de amenaza IA, prompt injection, evaluación adversaria y protección de datos","Seguridad de software y nociones de IA aportan una base indirecta. La valoración de tareas es 1/4 y la de herramientas 0/4 porque resta: Modelos de amenaza IA, prompt injection, evaluación adversaria y protección de datos. Preparación operativa: 0/4; la práctica específica no está acreditada para este perfil.",Pruebas adversarias de un sistema IA acotado con controles y evaluación,P2;NICE;ML;ASVS,https://www.nist.gov/itl/applied-cybersecurity/nice/nice-framework-resource-center/getting-started ; https://cloud.google.com/learn/certification/machine-learning-engineer ; https://owasp.github.io/www-project-application-security-verification-standard/,DSO260: 47-48; DSO190: 34-35; DSO240: 44-45; DSO150: 51,Baja: transferencia indirecta o especialidad no desarrollada,No estimado: faltan programas de optativa/electivo,Internacional general; elegibilidad e idioma se verifican por oferta,2026-09-13,,Marco ocupacional/técnico; sin anuncio específico asociado,DSO010;DSO020;DSO030;DSO160;DSO170;DSO270,"200 h curriculares, dominio y desempeño no documentados; aporte específico condicionado",Inferencia analítica del programa; no medición de habilidad individual ni probabilidad de empleo
R170,Ciberseguridad,Operador red team,Red Team Operator,Especialización,Experiencia avanzada,25,Base inicial; formación adicional amplia,No es salida directa de egreso: requiere trayectoria y responsabilidad demostradas,2,1,0,0,2,23.75,25,DSO220;DSO210;DSO260,Redes y Sistemas Distribuidos; Sistemas Operativos Aplicados; Computación en la Nube,Sistemas y seguridad dan una base distante,"Operaciones adversarias, evasión, infraestructura, objetivos y experiencia ofensiva","Sistemas y seguridad dan una base distante. La valoración de tareas es 1/4 y la de herramientas 0/4 porque resta: Operaciones adversarias, evasión, infraestructura, objetivos y experiencia ofensiva. Preparación operativa: 0/4; la práctica específica no está acreditada para este perfil. Se aplica un techo de 25% por exigir experiencia avanzada; las bases no sustituyen esa trayectoria.",Ejercicio controlado con reglas de enfrentamiento y debriefing,P2;PENT;NICE,https://www.onetonline.org/link/summary/15-1299.04 ; https://www.nist.gov/itl/applied-cybersecurity/nice/nice-framework-resource-center/getting-started,DSO220: 42-43; DSO210: 40-42; DSO260: 47-48,Baja: transferencia indirecta o especialidad no desarrollada,No estimado: faltan programas de optativa/electivo,Internacional general; elegibilidad e idioma se verifican por oferta,2026-09-13,,Marco ocupacional/técnico; sin anuncio específico asociado,DSO010;DSO020;DSO030;DSO160;DSO170;DSO270,"200 h curriculares, dominio y desempeño no documentados; aporte específico condicionado",Inferencia analítica del programa; no medición de habilidad individual ni probabilidad de empleo
R015,Desarrollo de software,Desarrollador Rust,Rust Developer; Systems Rust Engineer,Especialización,Inicial,25,Base inicial; formación adicional amplia,No se considera preparación suficiente para incorporarse sólo con el plan,2,1,0,0,3,26.25,100,DSO130;DSO100;DSO090;DSO250,Programación Estructurada; Introducción a los Sistemas Operativos; Arquitectura de Hardware Computacional; Programación Orientada a Objetos,Algoritmos y conceptos de memoria ayudan a comprender sistemas,"Ownership, borrowing, lifetimes, unsafe, cargo y programación de sistemas práctica","Algoritmos y conceptos de memoria ayudan a comprender sistemas. La valoración de tareas es 1/4 y la de herramientas 0/4 porque resta: Ownership, borrowing, lifetimes, unsafe, cargo y programación de sistemas práctica. Preparación operativa: 0/4; la práctica específica no está acreditada para este perfil.",Utilidad Rust que procese archivos con errores y pruebas de memoria segura,P2;DEV;SYS,https://www.onetonline.org/link/summary/15-1252.00 ; https://www.onetonline.org/link/summary/15-1244.00,DSO130: 45-46; DSO100: 37-38; DSO090: 36-37; DSO250: 46,Baja: transferencia indirecta o especialidad no desarrollada,No estimado: faltan programas de optativa/electivo,Internacional general; elegibilidad e idioma se verifican por oferta,2026-09-13,,Marco ocupacional/técnico; sin anuncio específico asociado,DSO010;DSO020;DSO030;DSO160;DSO170;DSO270,"200 h curriculares, dominio y desempeño no documentados; aporte específico condicionado",Inferencia analítica del programa; no medición de habilidad individual ni probabilidad de empleo
R121,Ingeniería de datos e inteligencia artificial,Especialista en gobierno de IA,AI Governance Analyst; Responsible AI Analyst,Especialización,Inicial,25,Base inicial; formación adicional amplia,No se considera preparación suficiente para incorporarse sólo con el plan,2,1,0,0,2,23.75,100,DSO150;DSO190;DSO080;DSO240,Legislación de las TIC; Ciencia de Datos Aplicada; Fundamentos de Análisis de Sistemas; Metodología y Testing,"Privacidad, análisis y validación ofrecen base inicial","Marcos de riesgo de IA, evaluación de impacto, gobernanza y regulación aplicable","Privacidad, análisis y validación ofrecen base inicial. La valoración de tareas es 1/4 y la de herramientas 0/4 porque resta: Marcos de riesgo de IA, evaluación de impacto, gobernanza y regulación aplicable. Preparación operativa: 0/4; la práctica específica no está acreditada para este perfil.","Inventario de un sistema IA con riesgos, evidencias y responsables",P2;ML;NICE,https://cloud.google.com/learn/certification/machine-learning-engineer ; https://www.nist.gov/itl/applied-cybersecurity/nice/nice-framework-resource-center/getting-started,DSO150: 51; DSO190: 34-35; DSO080: 33-34; DSO240: 44-45,Baja: transferencia indirecta o especialidad no desarrollada,No estimado: faltan programas de optativa/electivo,Internacional general; elegibilidad e idioma se verifican por oferta,2026-09-13,,Marco ocupacional/técnico; sin anuncio específico asociado,DSO010;DSO020;DSO030;DSO160;DSO170;DSO270,"200 h curriculares, dominio y desempeño no documentados; aporte específico condicionado",Inferencia analítica del programa; no medición de habilidad individual ni probabilidad de empleo
R115,Ingeniería de datos e inteligencia artificial,Especialista en prompts,Prompt Engineer; AI Conversation Specialist,Especialización,Inicial,25,Base inicial; formación adicional amplia,No se considera preparación suficiente para incorporarse sólo con el plan,2,1,0,0,2,23.75,100,DSO010;DSO080;DSO190;DSO240,Comprensión y Producción de Textos; Fundamentos de Análisis de Sistemas; Ciencia de Datos Aplicada; Metodología y Testing,"Comunicación, formulación de requisitos y evaluación aportan base indirecta","Comportamiento de modelos, diseño de evaluaciones, datasets y dominio del caso","Comunicación, formulación de requisitos y evaluación aportan base indirecta. La valoración de tareas es 1/4 y la de herramientas 0/4 porque resta: Comportamiento de modelos, diseño de evaluaciones, datasets y dominio del caso. Preparación operativa: 0/4; la práctica específica no está acreditada para este perfil.",Comparar instrucciones con un conjunto de pruebas y criterios reproducibles,P2;ML,https://cloud.google.com/learn/certification/machine-learning-engineer,DSO010: 23-25; DSO080: 33-34; DSO190: 34-35; DSO240: 44-45,Baja: transferencia indirecta o especialidad no desarrollada,No estimado: faltan programas de optativa/electivo,Internacional general; elegibilidad e idioma se verifican por oferta,2026-09-13,,Marco ocupacional/técnico; sin anuncio específico asociado,DSO020;DSO030;DSO160;DSO170;DSO270,"200 h curriculares, dominio y desempeño no documentados; aporte específico condicionado",Inferencia analítica del programa; no medición de habilidad individual ni probabilidad de empleo
R120,Ingeniería de datos e inteligencia artificial,Ingeniero de aprendizaje profundo,Deep Learning Engineer,Especialización,Inicial,25,Base inicial; formación adicional amplia,No se considera preparación suficiente para incorporarse sólo con el plan,2,1,0,0,2,23.75,100,DSO190;DSO060;DSO050;DSO130,Ciencia de Datos Aplicada; Álgebra y Estadística; Lógica Matemática; Programación Estructurada,Álgebra y aprendizaje introductorio son puntos de partida,"Cálculo, optimización, redes neuronales, PyTorch/TensorFlow y GPUs","Álgebra y aprendizaje introductorio son puntos de partida. La valoración de tareas es 1/4 y la de herramientas 0/4 porque resta: Cálculo, optimización, redes neuronales, PyTorch/TensorFlow y GPUs. Preparación operativa: 0/4; la práctica específica no está acreditada para este perfil.","Entrenamiento reproducible con curvas, regularización y diagnóstico",P2;ML;DS,https://cloud.google.com/learn/certification/machine-learning-engineer ; https://www.onetonline.org/link/summary/15-2051.00,DSO190: 34-35; DSO060: 32-33; DSO050: 32; DSO130: 45-46,Baja: transferencia indirecta o especialidad no desarrollada,No estimado: faltan programas de optativa/electivo,Internacional general; elegibilidad e idioma se verifican por oferta,2026-09-13,,Marco ocupacional/técnico; sin anuncio específico asociado,DSO010;DSO020;DSO030;DSO160;DSO170;DSO270,"200 h curriculares, dominio y desempeño no documentados; aporte específico condicionado",Inferencia analítica del programa; no medición de habilidad individual ni probabilidad de empleo
R118,Ingeniería de datos e inteligencia artificial,Ingeniero de visión por computadora,Computer Vision Engineer,Especialización,Inicial,25,Base inicial; formación adicional amplia,No se considera preparación suficiente para incorporarse sólo con el plan,2,1,0,0,2,23.75,100,DSO190;DSO060;DSO130;DSO090,Ciencia de Datos Aplicada; Álgebra y Estadística; Programación Estructurada; Arquitectura de Hardware Computacional,"Clasificación, álgebra y programación son bases transferibles","Procesamiento de imágenes, geometría, redes visuales y datasets anotados","Clasificación, álgebra y programación son bases transferibles. La valoración de tareas es 1/4 y la de herramientas 0/4 porque resta: Procesamiento de imágenes, geometría, redes visuales y datasets anotados. Preparación operativa: 0/4; la práctica específica no está acreditada para este perfil.",Modelo visual evaluado por clases y condiciones de captura,P2;ML;DS,https://cloud.google.com/learn/certification/machine-learning-engineer ; https://www.onetonline.org/link/summary/15-2051.00,DSO190: 34-35; DSO060: 32-33; DSO130: 45-46; DSO090: 36-37,Baja: transferencia indirecta o especialidad no desarrollada,No estimado: faltan programas de optativa/electivo,Internacional general; elegibilidad e idioma se verifican por oferta,2026-09-13,,Marco ocupacional/técnico; sin anuncio específico asociado,DSO010;DSO020;DSO030;DSO160;DSO170;DSO270,"200 h curriculares, dominio y desempeño no documentados; aporte específico condicionado",Inferencia analítica del programa; no medición de habilidad individual ni probabilidad de empleo
R146,"Redes, cloud y DevOps",Ingeniero de VoIP y comunicaciones unificadas,VoIP Engineer; Unified Communications Engineer,Especialización,Inicial,25,Base inicial; formación adicional amplia,No se considera preparación suficiente para incorporarse sólo con el plan,2,1,0,0,3,26.25,100,DSO220;DSO210,Redes y Sistemas Distribuidos; Sistemas Operativos Aplicados,"IP, redes y servicios aportan fundamentos de transporte","SIP/RTP, telefonía, calidad de voz, SBC y plataforma UC","IP, redes y servicios aportan fundamentos de transporte. La valoración de tareas es 1/4 y la de herramientas 0/4 porque resta: SIP/RTP, telefonía, calidad de voz, SBC y plataforma UC. Preparación operativa: 0/4; la práctica específica no está acreditada para este perfil.",Laboratorio de llamadas con diagnóstico de señalización y audio,P2;NET;SYS,https://www.cisco.com/site/us/en/learn/training-certifications/exams/ccna.html ; https://www.onetonline.org/link/summary/15-1244.00,DSO220: 42-43; DSO210: 40-42,Baja: transferencia indirecta o especialidad no desarrollada,No estimado: faltan programas de optativa/electivo,Internacional general; elegibilidad e idioma se verifican por oferta,2026-09-13,,Marco ocupacional/técnico; sin anuncio específico asociado,DSO010;DSO020;DSO030;DSO160;DSO170;DSO270,"200 h curriculares, dominio y desempeño no documentados; aporte específico condicionado",Inferencia analítica del programa; no medición de habilidad individual ni probabilidad de empleo
R226,Sistemas especializados y ocupaciones digitales adyacentes,Artista técnico de videojuegos,Technical Artist,Ocupación adyacente,Inicial,25,Base inicial; formación adicional amplia,No se considera preparación suficiente para incorporarse sólo con el plan,2,1,0,0,2,23.75,100,DSO250;DSO200;DSO090,Programación Orientada a Objetos; Diseño de Software; Arquitectura de Hardware Computacional,Programación e interfaces ofrecen base técnica distante,"Pipeline artístico, modelado, materiales, shaders, rigging y herramientas DCC","Programación e interfaces ofrecen base técnica distante. La valoración de tareas es 1/4 y la de herramientas 0/4 porque resta: Pipeline artístico, modelado, materiales, shaders, rigging y herramientas DCC. Preparación operativa: 0/4; la práctica específica no está acreditada para este perfil.",Herramienta o material integrado al pipeline de un motor,P2;ART;GAME,https://www.onetonline.org/link/summary/27-1014.00 ; https://www.onetonline.org/link/summary/15-1255.01,DSO250: 46; DSO200: 35-36; DSO090: 36-37,Baja: transferencia indirecta o especialidad no desarrollada,No estimado: faltan programas de optativa/electivo,Internacional general; elegibilidad e idioma se verifican por oferta,2026-09-13,,Marco ocupacional/técnico; sin anuncio específico asociado,DSO010;DSO020;DSO030;DSO160;DSO170;DSO270,"200 h curriculares, dominio y desempeño no documentados; aporte específico condicionado",Inferencia analítica del programa; no medición de habilidad individual ni probabilidad de empleo
R229,Sistemas especializados y ocupaciones digitales adyacentes,Auditor de smart contracts,Smart Contract Auditor,Especialización,Experiencia avanzada,25,Base inicial; formación adicional amplia,No es salida directa de egreso: requiere trayectoria y responsabilidad demostradas,2,1,0,0,2,23.75,25,DSO240;DSO260;DSO050;DSO250,Metodología y Testing; Computación en la Nube; Lógica Matemática; Programación Orientada a Objetos,"Pruebas, lógica y programación segura aportan base distante","EVM, economía del protocolo, vulnerabilidades y auditoría especializada","Pruebas, lógica y programación segura aportan base distante. La valoración de tareas es 1/4 y la de herramientas 0/4 porque resta: EVM, economía del protocolo, vulnerabilidades y auditoría especializada. Preparación operativa: 0/4; la práctica específica no está acreditada para este perfil. Se aplica un techo de 25% por exigir experiencia avanzada; las bases no sustituyen esa trayectoria.",Revisión de contratos de laboratorio con pruebas de explotación y corrección,P2;CHAIN;PENT,https://www.onetonline.org/link/summary/15-1299.07 ; https://www.onetonline.org/link/summary/15-1299.04,DSO240: 44-45; DSO260: 47-48; DSO050: 32; DSO250: 46,Baja: transferencia indirecta o especialidad no desarrollada,No estimado: faltan programas de optativa/electivo,Internacional general; elegibilidad e idioma se verifican por oferta,2026-09-13,,Marco ocupacional/técnico; sin anuncio específico asociado,DSO010;DSO020;DSO030;DSO160;DSO170;DSO270,"200 h curriculares, dominio y desempeño no documentados; aporte específico condicionado",Inferencia analítica del programa; no medición de habilidad individual ni probabilidad de empleo
R228,Sistemas especializados y ocupaciones digitales adyacentes,Desarrollador blockchain,Blockchain Developer; Smart Contract Developer,Especialización,Inicial,25,Base inicial; formación adicional amplia,No se considera preparación suficiente para incorporarse sólo con el plan,2,1,0,0,3,26.25,100,DSO250;DSO220;DSO260;DSO050,Programación Orientada a Objetos; Redes y Sistemas Distribuidos; Computación en la Nube; Lógica Matemática,"Programación, distribución y criptografía aplicada aportan bases","Consenso, Solidity u otro lenguaje, contratos, tooling y seguridad específica","Programación, distribución y criptografía aplicada aportan bases. La valoración de tareas es 1/4 y la de herramientas 0/4 porque resta: Consenso, Solidity u otro lenguaje, contratos, tooling y seguridad específica. Preparación operativa: 0/4; la práctica específica no está acreditada para este perfil.","Contrato de laboratorio con invariantes, pruebas y revisión de riesgos",P2;CHAIN,https://www.onetonline.org/link/summary/15-1299.07,DSO250: 46; DSO220: 42-43; DSO260: 47-48; DSO050: 32,Baja: transferencia indirecta o especialidad no desarrollada,No estimado: faltan programas de optativa/electivo,Internacional general; elegibilidad e idioma se verifican por oferta,2026-09-13,,Marco ocupacional/técnico; sin anuncio específico asociado,DSO010;DSO020;DSO030;DSO160;DSO170;DSO270,"200 h curriculares, dominio y desempeño no documentados; aporte específico condicionado",Inferencia analítica del programa; no medición de habilidad individual ni probabilidad de empleo
R235,Sistemas especializados y ocupaciones digitales adyacentes,Desarrollador cuantitativo,Quantitative Developer; Quant Developer,Especialización,Inicial,25,Base inicial; formación adicional amplia,No se considera preparación suficiente para incorporarse sólo con el plan,2,1,0,0,2,23.75,100,DSO060;DSO130;DSO250;DSO190,Álgebra y Estadística; Programación Estructurada; Programación Orientada a Objetos; Ciencia de Datos Aplicada,"Programación, matrices y estadística dan una base inicial","Finanzas cuantitativas, probabilidad avanzada, cálculo, métodos numéricos y stack especializado","Programación, matrices y estadística dan una base inicial. La valoración de tareas es 1/4 y la de herramientas 0/4 porque resta: Finanzas cuantitativas, probabilidad avanzada, cálculo, métodos numéricos y stack especializado. Preparación operativa: 0/4; la práctica específica no está acreditada para este perfil.",Implementación numérica validada con supuestos y pruebas de precisión,P2;RESEARCH;DS,https://www.onetonline.org/link/summary/15-1221.00 ; https://www.onetonline.org/link/summary/15-2051.00,DSO060: 32-33; DSO130: 45-46; DSO250: 46; DSO190: 34-35,Baja: transferencia indirecta o especialidad no desarrollada,No estimado: faltan programas de optativa/electivo,Internacional general; elegibilidad e idioma se verifican por oferta,2026-09-13,,Marco ocupacional/técnico; sin anuncio específico asociado,DSO010;DSO020;DSO030;DSO160;DSO170;DSO270,"200 h curriculares, dominio y desempeño no documentados; aporte específico condicionado",Inferencia analítica del programa; no medición de habilidad individual ni probabilidad de empleo
R218,Sistemas especializados y ocupaciones digitales adyacentes,Desarrollador de drivers y sistemas operativos,Kernel Developer; Device Driver Engineer,Especialización,Inicial,25,Base inicial; formación adicional amplia,No se considera preparación suficiente para incorporarse sólo con el plan,2,1,0,0,3,26.25,100,DSO100;DSO090;DSO210;DSO130,Introducción a los Sistemas Operativos; Arquitectura de Hardware Computacional; Sistemas Operativos Aplicados; Programación Estructurada,"Procesos, memoria y hardware aportan bases conceptuales","C, kernel, concurrencia de bajo nivel, interfaces de dispositivo y depuración","Procesos, memoria y hardware aportan bases conceptuales. La valoración de tareas es 1/4 y la de herramientas 0/4 porque resta: C, kernel, concurrencia de bajo nivel, interfaces de dispositivo y depuración. Preparación operativa: 0/4; la práctica específica no está acreditada para este perfil.",Driver educativo probado en entorno aislado con documentación,P2;SYS;HW;DEV,https://www.onetonline.org/link/summary/15-1244.00 ; https://www.onetonline.org/link/summary/17-2061.00 ; https://www.onetonline.org/link/summary/15-1252.00,DSO100: 37-38; DSO090: 36-37; DSO210: 40-42; DSO130: 45-46,Baja: transferencia indirecta o especialidad no desarrollada,No estimado: faltan programas de optativa/electivo,Internacional general; elegibilidad e idioma se verifican por oferta,2026-09-13,,Marco ocupacional/técnico; sin anuncio específico asociado,DSO010;DSO020;DSO030;DSO160;DSO170;DSO270,"200 h curriculares, dominio y desempeño no documentados; aporte específico condicionado",Inferencia analítica del programa; no medición de habilidad individual ni probabilidad de empleo
R209,Sistemas especializados y ocupaciones digitales adyacentes,Desarrollador de protocolos de telecomunicaciones,5G RAN Developer; Telecom Protocol Software Engineer,Especialización,Inicial,25,Base inicial; formación adicional amplia,No se considera preparación suficiente para incorporarse sólo con el plan,2,1,0,0,3,26.25,100,DSO220;DSO090;DSO130;DSO100,Redes y Sistemas Distribuidos; Arquitectura de Hardware Computacional; Programación Estructurada; Introducción a los Sistemas Operativos,"Redes, arquitectura y programación aportan fundamentos iniciales","Protocolos celulares, radio, C/C++, tiempo real y validación de capas RAN","Redes, arquitectura y programación aportan fundamentos iniciales. La valoración de tareas es 1/4 y la de herramientas 0/4 porque resta: Protocolos celulares, radio, C/C++, tiempo real y validación de capas RAN. Preparación operativa: 0/4; la práctica específica no está acreditada para este perfil.",Implementación de protocolo de laboratorio con pruebas y métricas,P2;J_5G;NET,https://jobs.smartrecruiters.com/Tietoevry1/744000098959097-junior-software-engineer-5g-ran-tietoevry-create-m-f-d- ; https://www.cisco.com/site/us/en/learn/training-certifications/exams/ccna.html,DSO220: 42-43; DSO090: 36-37; DSO130: 45-46; DSO100: 37-38,Baja: transferencia indirecta o especialidad no desarrollada,No estimado: faltan programas de optativa/electivo,Internacional general; elegibilidad e idioma se verifican por oferta,2026-09-13,J_5G,Marco y anuncio de empleador,DSO010;DSO020;DSO030;DSO160;DSO170;DSO270,"200 h curriculares, dominio y desempeño no documentados; aporte específico condicionado",Inferencia analítica del programa; no medición de habilidad individual ni probabilidad de empleo
R219,Sistemas especializados y ocupaciones digitales adyacentes,Ingeniero de compiladores,Compiler Engineer; Language Tooling Engineer,Especialización,Inicial,25,Base inicial; formación adicional amplia,No se considera preparación suficiente para incorporarse sólo con el plan,2,1,0,0,3,26.25,100,DSO070;DSO050;DSO130;DSO250,Sistemas y Paradigmas de Programación; Lógica Matemática; Programación Estructurada; Programación Orientada a Objetos,"Paradigmas, compilación e interpretación están introducidos","Teoría de lenguajes, parsing, IR, optimizaciones y generación de código","Paradigmas, compilación e interpretación están introducidos. La valoración de tareas es 1/4 y la de herramientas 0/4 porque resta: Teoría de lenguajes, parsing, IR, optimizaciones y generación de código. Preparación operativa: 0/4; la práctica específica no está acreditada para este perfil.",Compilador pequeño con pruebas de semántica y código generado,P2;RESEARCH;DEV,https://www.onetonline.org/link/summary/15-1221.00 ; https://www.onetonline.org/link/summary/15-1252.00,DSO070: 33; DSO050: 32; DSO130: 45-46; DSO250: 46,Baja: transferencia indirecta o especialidad no desarrollada,No estimado: faltan programas de optativa/electivo,Internacional general; elegibilidad e idioma se verifican por oferta,2026-09-13,,Marco ocupacional/técnico; sin anuncio específico asociado,DSO010;DSO020;DSO030;DSO160;DSO170;DSO270,"200 h curriculares, dominio y desempeño no documentados; aporte específico condicionado",Inferencia analítica del programa; no medición de habilidad individual ni probabilidad de empleo
R223,Sistemas especializados y ocupaciones digitales adyacentes,Ingeniero de gráficos en tiempo real,Graphics Programmer; Rendering Engineer,Especialización,Inicial,25,Base inicial; formación adicional amplia,No se considera preparación suficiente para incorporarse sólo con el plan,2,1,0,0,2,23.75,100,DSO060;DSO090;DSO250,Álgebra y Estadística; Arquitectura de Hardware Computacional; Programación Orientada a Objetos,"Matrices, hardware y programación son prerrequisitos parciales","Geometría, shaders, APIs gráficas, GPU y técnicas de renderizado","Matrices, hardware y programación son prerrequisitos parciales. La valoración de tareas es 1/4 y la de herramientas 0/4 porque resta: Geometría, shaders, APIs gráficas, GPU y técnicas de renderizado. Preparación operativa: 0/4; la práctica específica no está acreditada para este perfil.",Renderizador simple con corrección visual y medición de rendimiento,P2;GAME;HW,https://www.onetonline.org/link/summary/15-1255.01 ; https://www.onetonline.org/link/summary/17-2061.00,DSO060: 32-33; DSO090: 36-37; DSO250: 46,Baja: transferencia indirecta o especialidad no desarrollada,No estimado: faltan programas de optativa/electivo,Internacional general; elegibilidad e idioma se verifican por oferta,2026-09-13,,Marco ocupacional/técnico; sin anuncio específico asociado,DSO010;DSO020;DSO030;DSO160;DSO170;DSO270,"200 h curriculares, dominio y desempeño no documentados; aporte específico condicionado",Inferencia analítica del programa; no medición de habilidad individual ni probabilidad de empleo
R216,Sistemas especializados y ocupaciones digitales adyacentes,Ingeniero de hardware digital,Computer Hardware Engineer; Digital Hardware Engineer,Ocupación,Inicial,25,Base inicial; formación adicional amplia,No se considera preparación suficiente para incorporarse sólo con el plan,2,1,0,0,2,23.75,100,DSO090;DSO050;DSO060,Arquitectura de Hardware Computacional; Lógica Matemática; Álgebra y Estadística,Arquitectura computacional y lógica aportan nociones básicas,"Electrónica, HDL, diseño digital, verificación, herramientas y laboratorio","Arquitectura computacional y lógica aportan nociones básicas. La valoración de tareas es 1/4 y la de herramientas 0/4 porque resta: Electrónica, HDL, diseño digital, verificación, herramientas y laboratorio. Preparación operativa: 0/4; la práctica específica no está acreditada para este perfil.",Diseño digital simulado con banco de pruebas y documentación,P2;HW,https://www.onetonline.org/link/summary/17-2061.00,DSO090: 36-37; DSO050: 32; DSO060: 32-33,Baja: transferencia indirecta o especialidad no desarrollada,No estimado: faltan programas de optativa/electivo,Internacional general; elegibilidad e idioma se verifican por oferta,2026-09-13,,Marco ocupacional/técnico; sin anuncio específico asociado,DSO010;DSO020;DSO030;DSO160;DSO170;DSO270,"200 h curriculares, dominio y desempeño no documentados; aporte específico condicionado",Inferencia analítica del programa; no medición de habilidad individual ni probabilidad de empleo
R220,Sistemas especializados y ocupaciones digitales adyacentes,Ingeniero de métodos formales,Formal Methods Engineer; Verification Engineer,Especialización,Inicial,25,Base inicial; formación adicional amplia,No se considera preparación suficiente para incorporarse sólo con el plan,2,1,0,0,2,23.75,100,DSO050;DSO240;DSO070;DSO250,Lógica Matemática; Metodología y Testing; Sistemas y Paradigmas de Programación; Programación Orientada a Objetos,"Lógica, verificación y programación ofrecen fundamentos","Especificación formal, model checking, SMT y herramientas de demostración","Lógica, verificación y programación ofrecen fundamentos. La valoración de tareas es 1/4 y la de herramientas 0/4 porque resta: Especificación formal, model checking, SMT y herramientas de demostración. Preparación operativa: 0/4; la práctica específica no está acreditada para este perfil.",Modelo formal que compruebe propiedades y explique contraejemplos,P2;RESEARCH;QA,https://www.onetonline.org/link/summary/15-1221.00 ; https://www.onetonline.org/link/summary/15-1253.00,DSO050: 32; DSO240: 44-45; DSO070: 33; DSO250: 46,Baja: transferencia indirecta o especialidad no desarrollada,No estimado: faltan programas de optativa/electivo,Internacional general; elegibilidad e idioma se verifican por oferta,2026-09-13,,Marco ocupacional/técnico; sin anuncio específico asociado,DSO010;DSO020;DSO030;DSO160;DSO170;DSO270,"200 h curriculares, dominio y desempeño no documentados; aporte específico condicionado",Inferencia analítica del programa; no medición de habilidad individual ni probabilidad de empleo
R213,Sistemas especializados y ocupaciones digitales adyacentes,Ingeniero de robótica de software,Robotics Software Engineer,Especialización,Inicial,25,Base inicial; formación adicional amplia,No se considera preparación suficiente para incorporarse sólo con el plan,2,1,0,0,3,26.25,100,DSO090;DSO060;DSO130;DSO220,Arquitectura de Hardware Computacional; Álgebra y Estadística; Programación Estructurada; Redes y Sistemas Distribuidos,"Sensores, álgebra y software aportan fundamentos iniciales","ROS, control, cinemática, percepción, simulación y tiempo real","Sensores, álgebra y software aportan fundamentos iniciales. La valoración de tareas es 1/4 y la de herramientas 0/4 porque resta: ROS, control, cinemática, percepción, simulación y tiempo real. Preparación operativa: 0/4; la práctica específica no está acreditada para este perfil.",Simulación robótica con control y métricas de comportamiento,P2;ROBOT,https://www.onetonline.org/link/summary/17-2199.08,DSO090: 36-37; DSO060: 32-33; DSO130: 45-46; DSO220: 42-43,Baja: transferencia indirecta o especialidad no desarrollada,No estimado: faltan programas de optativa/electivo,Internacional general; elegibilidad e idioma se verifican por oferta,2026-09-13,,Marco ocupacional/técnico; sin anuncio específico asociado,DSO010;DSO020;DSO030;DSO160;DSO170;DSO270,"200 h curriculares, dominio y desempeño no documentados; aporte específico condicionado",Inferencia analítica del programa; no medición de habilidad individual ni probabilidad de empleo
R214,Sistemas especializados y ocupaciones digitales adyacentes,Programador de automatización industrial,PLC Programmer; Industrial Automation Developer,Especialización,Inicial,25,Base inicial; formación adicional amplia,No se considera preparación suficiente para incorporarse sólo con el plan,2,1,0,0,3,26.25,100,DSO090;DSO130;DSO220,Arquitectura de Hardware Computacional; Programación Estructurada; Redes y Sistemas Distribuidos,Interfaces industriales y lógica aportan una introducción,"PLC, IEC 61131-3, control, instrumentación y puesta en marcha","Interfaces industriales y lógica aportan una introducción. La valoración de tareas es 1/4 y la de herramientas 0/4 porque resta: PLC, IEC 61131-3, control, instrumentación y puesta en marcha. Preparación operativa: 0/4; la práctica específica no está acreditada para este perfil.","Proceso simulado con interlocks, estados y pruebas de fallos",P2;ROBOT;HW,https://www.onetonline.org/link/summary/17-2199.08 ; https://www.onetonline.org/link/summary/17-2061.00,DSO090: 36-37; DSO130: 45-46; DSO220: 42-43,Baja: transferencia indirecta o especialidad no desarrollada,No estimado: faltan programas de optativa/electivo,Internacional general; elegibilidad e idioma se verifican por oferta,2026-09-13,,Marco ocupacional/técnico; sin anuncio específico asociado,DSO010;DSO020;DSO030;DSO160;DSO170;DSO270,"200 h curriculares, dominio y desempeño no documentados; aporte específico condicionado",Inferencia analítica del programa; no medición de habilidad individual ni probabilidad de empleo
R211,Sistemas especializados y ocupaciones digitales adyacentes,Programador de sistemas z/OS,z/OS System Programmer; Mainframe Systems Programmer,Especialización,Inicial,25,Base inicial; formación adicional amplia,No se considera preparación suficiente para incorporarse sólo con el plan,2,1,0,0,3,26.25,100,DSO100;DSO210;DSO090;DSO220,Introducción a los Sistemas Operativos; Sistemas Operativos Aplicados; Arquitectura de Hardware Computacional; Redes y Sistemas Distribuidos,"Conceptos de sistemas, recursos y administración ofrecen base distante","z/OS, subsistemas, instalación, mantenimiento, seguridad y diagnóstico propios","Conceptos de sistemas, recursos y administración ofrecen base distante. La valoración de tareas es 1/4 y la de herramientas 0/4 porque resta: z/OS, subsistemas, instalación, mantenimiento, seguridad y diagnóstico propios. Preparación operativa: 0/4; la práctica específica no está acreditada para este perfil.",Entorno formativo mainframe con trabajos y procedimiento de mantenimiento,P2;ZOS;SYS,https://www.ibm.com/docs/en/zos-basic-skills?topic=today-roles-in-mainframe-world ; https://www.onetonline.org/link/summary/15-1244.00,DSO100: 37-38; DSO210: 40-42; DSO090: 36-37; DSO220: 42-43,Baja: transferencia indirecta o especialidad no desarrollada,No estimado: faltan programas de optativa/electivo,Internacional general; elegibilidad e idioma se verifican por oferta,2026-09-13,,Marco ocupacional/técnico; sin anuncio específico asociado,DSO010;DSO020;DSO030;DSO160;DSO170;DSO270,"200 h curriculares, dominio y desempeño no documentados; aporte específico condicionado",Inferencia analítica del programa; no medición de habilidad individual ni probabilidad de empleo
R232,Sistemas especializados y ocupaciones digitales adyacentes,Técnico/analista bioinformático,Bioinformatics Analyst; Bioinformatics Technician,Ocupación,Inicial,25,Base inicial; formación adicional amplia,No se considera preparación suficiente para incorporarse sólo con el plan,2,1,0,0,2,23.75,100,DSO190;DSO060;DSO120;DSO130,Ciencia de Datos Aplicada; Álgebra y Estadística; Base de Datos Relacionales; Programación Estructurada,"Estadística, datos y programación son bases reutilizables","Biología molecular, secuencias, herramientas y validación del dominio","Estadística, datos y programación son bases reutilizables. La valoración de tareas es 1/4 y la de herramientas 0/4 porque resta: Biología molecular, secuencias, herramientas y validación del dominio. Preparación operativa: 0/4; la práctica específica no está acreditada para este perfil.",Pipeline educativo biológico con control de calidad y resultados trazables,P2;BIO,https://www.onetonline.org/link/summary/15-2099.01,DSO190: 34-35; DSO060: 32-33; DSO120: 38-40; DSO130: 45-46,Baja: transferencia indirecta o especialidad no desarrollada,No estimado: faltan programas de optativa/electivo,Internacional general; elegibilidad e idioma se verifican por oferta,2026-09-13,,Marco ocupacional/técnico; sin anuncio específico asociado,DSO010;DSO020;DSO030;DSO160;DSO170;DSO270,"200 h curriculares, dominio y desempeño no documentados; aporte específico condicionado",Inferencia analítica del programa; no medición de habilidad individual ni probabilidad de empleo
R247,"Arquitectura, liderazgo e investigación avanzada",Gerente de seguridad de la información,Information Security Manager; CISO,Ocupación,Experiencia avanzada,20,Base inicial; formación adicional amplia,No es salida directa de egreso: requiere trayectoria y responsabilidad demostradas,2,1,0,0,1,21.25,25,DSO150;DSO260;DSO140;DSO270,Legislación de las TIC; Computación en la Nube; Emprendedurismo; Técnicas Laborales para el Desarrollo de Software,"Seguridad, normativa y organización aportan nociones iniciales","Programa de seguridad, riesgo empresarial, equipos, presupuesto y gobernanza","Seguridad, normativa y organización aportan nociones iniciales. La valoración de tareas es 1/4 y la de herramientas 0/4 porque resta: Programa de seguridad, riesgo empresarial, equipos, presupuesto y gobernanza. Preparación operativa: 0/4; la práctica específica no está acreditada para este perfil. Se aplica un techo de 25% por exigir experiencia avanzada; las bases no sustituyen esa trayectoria.",Trayectoria de gestión de seguridad con métricas y responsabilidades,P2;NICE;LEVEL,https://www.nist.gov/itl/applied-cybersecurity/nice/nice-framework-resource-center/getting-started ; https://sfia-online.org/en/about-sfia/how-sfia-works,DSO150: 51; DSO260: 47-48; DSO140: 49-50; DSO270: 29-30,Baja: transferencia indirecta o especialidad no desarrollada,No estimado: faltan programas de optativa/electivo,Internacional general; elegibilidad e idioma se verifican por oferta,2026-09-13,,Marco ocupacional/técnico; sin anuncio específico asociado,DSO010;DSO020;DSO030;DSO160;DSO170,"200 h curriculares, dominio y desempeño no documentados; aporte específico condicionado",Inferencia analítica del programa; no medición de habilidad individual ni probabilidad de empleo
R217,Sistemas especializados y ocupaciones digitales adyacentes,Ingeniero FPGA,FPGA Engineer; RTL Design Engineer,Especialización,Inicial,20,Base inicial; formación adicional amplia,No se considera preparación suficiente para incorporarse sólo con el plan,1,1,0,0,2,18.75,100,DSO090;DSO050;DSO060,Arquitectura de Hardware Computacional; Lógica Matemática; Álgebra y Estadística,Lógica y arquitectura son prerrequisitos parciales,"Verilog/VHDL, diseño síncrono, temporización, síntesis y verificación","Lógica y arquitectura son prerrequisitos parciales. La valoración de tareas es 1/4 y la de herramientas 0/4 porque resta: Verilog/VHDL, diseño síncrono, temporización, síntesis y verificación. Preparación operativa: 0/4; la práctica específica no está acreditada para este perfil.",Bloque RTL con testbench y cumplimiento de restricciones temporales,P2;HW,https://www.onetonline.org/link/summary/17-2061.00,DSO090: 36-37; DSO050: 32; DSO060: 32-33,Baja: transferencia indirecta o especialidad no desarrollada,No estimado: faltan programas de optativa/electivo,Internacional general; elegibilidad e idioma se verifican por oferta,2026-09-13,,Marco ocupacional/técnico; sin anuncio específico asociado,DSO010;DSO020;DSO030;DSO160;DSO170;DSO270,"200 h curriculares, dominio y desempeño no documentados; aporte específico condicionado",Inferencia analítica del programa; no medición de habilidad individual ni probabilidad de empleo
R248,"Arquitectura, liderazgo e investigación avanzada",Científico investigador de IA,AI Research Scientist; Machine Learning Research Scientist,Ocupación,Experiencia avanzada,15,Aporte muy indirecto,No es salida directa de egreso: requiere trayectoria y responsabilidad demostradas,1,1,0,0,1,16.25,25,DSO190;DSO060;DSO050,Ciencia de Datos Aplicada; Álgebra y Estadística; Lógica Matemática,Matemática y ML introductorios son una base distante,"Matemática avanzada, literatura, investigación original y formación científica profunda","Matemática y ML introductorios son una base distante. La valoración de tareas es 1/4 y la de herramientas 0/4 porque resta: Matemática avanzada, literatura, investigación original y formación científica profunda. Preparación operativa: 0/4; la práctica específica no está acreditada para este perfil. Se aplica un techo de 25% por exigir experiencia avanzada; las bases no sustituyen esa trayectoria.",Trabajo reproducible con aporte original evaluado por especialistas,P2;RESEARCH;ML,https://www.onetonline.org/link/summary/15-1221.00 ; https://cloud.google.com/learn/certification/machine-learning-engineer,DSO190: 34-35; DSO060: 32-33; DSO050: 32,Baja: transferencia indirecta o especialidad no desarrollada,No estimado: faltan programas de optativa/electivo,Internacional general; elegibilidad e idioma se verifican por oferta,2026-09-13,,Marco ocupacional/técnico; sin anuncio específico asociado,DSO010;DSO020;DSO030;DSO160;DSO170;DSO270,"200 h curriculares, dominio y desempeño no documentados; aporte específico condicionado",Inferencia analítica del programa; no medición de habilidad individual ni probabilidad de empleo
R245,"Arquitectura, liderazgo e investigación avanzada",Director de tecnología,CTO; Chief Technology Officer,Ocupación,Experiencia avanzada,15,Aporte muy indirecto,No es salida directa de egreso: requiere trayectoria y responsabilidad demostradas,1,1,0,0,1,16.25,25,DSO140;DSO040;DSO080;DSO260,Emprendedurismo; Taller de Tecnología; Fundamentos de Análisis de Sistemas; Computación en la Nube,La carrera introduce negocio y tecnología,"Estrategia, inversión, liderazgo ejecutivo, riesgo y responsabilidad organizacional","La carrera introduce negocio y tecnología. La valoración de tareas es 1/4 y la de herramientas 0/4 porque resta: Estrategia, inversión, liderazgo ejecutivo, riesgo y responsabilidad organizacional. Preparación operativa: 0/4; la práctica específica no está acreditada para este perfil. Se aplica un techo de 25% por exigir experiencia avanzada; las bases no sustituyen esa trayectoria.",Trayectoria de decisiones tecnológicas y resultados empresariales,P2;LEVEL;SFIA,https://sfia-online.org/en/about-sfia/how-sfia-works ; https://sfia-online.org/en/the-sfia-framework,DSO140: 49-50; DSO040: 28-29; DSO080: 33-34; DSO260: 47-48,Baja: transferencia indirecta o especialidad no desarrollada,No estimado: faltan programas de optativa/electivo,Internacional general; elegibilidad e idioma se verifican por oferta,2026-09-13,,Marco ocupacional/técnico; sin anuncio específico asociado,DSO010;DSO020;DSO030;DSO160;DSO170;DSO270,"200 h curriculares, dominio y desempeño no documentados; aporte específico condicionado",Inferencia analítica del programa; no medición de habilidad individual ni probabilidad de empleo
R250,"Arquitectura, liderazgo e investigación avanzada",Investigador en computación cuántica,Quantum Computing Researcher,Ocupación,Experiencia avanzada,10,Aporte muy indirecto,No es salida directa de egreso: requiere trayectoria y responsabilidad demostradas,1,0,0,0,1,7.5,25,DSO060;DSO050,Álgebra y Estadística; Lógica Matemática,Matrices y lógica son antecedentes iniciales,"Teoría cuántica, matemática avanzada y contribuciones científicas originales","Matrices y lógica son antecedentes iniciales. La valoración de tareas es 0/4 y la de herramientas 0/4 porque resta: Teoría cuántica, matemática avanzada y contribuciones científicas originales. Preparación operativa: 0/4; la práctica específica no está acreditada para este perfil. Se aplica un techo de 25% por exigir experiencia avanzada; las bases no sustituyen esa trayectoria.","Investigación con formulación, validación y comparación con literatura",P2;QUANTUM;RESEARCH,https://quantum.cloud.ibm.com/learning/en/modules/computer-science ; https://www.onetonline.org/link/summary/15-1221.00,DSO060: 32-33; DSO050: 32,Baja: transferencia indirecta o especialidad no desarrollada,No estimado: faltan programas de optativa/electivo,Internacional general; elegibilidad e idioma se verifican por oferta,2026-09-13,,Marco ocupacional/técnico; sin anuncio específico asociado,DSO010;DSO020;DSO030;DSO160;DSO170;DSO270,"200 h curriculares, dominio y desempeño no documentados; aporte específico condicionado",Inferencia analítica del programa; no medición de habilidad individual ni probabilidad de empleo
R249,"Arquitectura, liderazgo e investigación avanzada",Investigador en criptografía,Cryptography Researcher; Cryptographer,Ocupación,Experiencia avanzada,10,Aporte muy indirecto,No es salida directa de egreso: requiere trayectoria y responsabilidad demostradas,1,0,0,0,1,7.5,25,DSO050;DSO060;DSO260,Lógica Matemática; Álgebra y Estadística; Computación en la Nube,"Lógica, álgebra y uso de cifrado ofrecen antecedentes muy parciales","Teoría de números, probabilidad, reducciones y demostraciones criptográficas","Lógica, álgebra y uso de cifrado ofrecen antecedentes muy parciales. La valoración de tareas es 0/4 y la de herramientas 0/4 porque resta: Teoría de números, probabilidad, reducciones y demostraciones criptográficas. Preparación operativa: 0/4; la práctica específica no está acreditada para este perfil. Se aplica un techo de 25% por exigir experiencia avanzada; las bases no sustituyen esa trayectoria.",Resultado formal original con prueba y revisión especializada,P2;RESEARCH;NICE,https://www.onetonline.org/link/summary/15-1221.00 ; https://www.nist.gov/itl/applied-cybersecurity/nice/nice-framework-resource-center/getting-started,DSO050: 32; DSO060: 32-33; DSO260: 47-48,Baja: transferencia indirecta o especialidad no desarrollada,No estimado: faltan programas de optativa/electivo,Internacional general; elegibilidad e idioma se verifican por oferta,2026-09-13,,Marco ocupacional/técnico; sin anuncio específico asociado,DSO010;DSO020;DSO030;DSO160;DSO170;DSO270,"200 h curriculares, dominio y desempeño no documentados; aporte específico condicionado",Inferencia analítica del programa; no medición de habilidad individual ni probabilidad de empleo
R227,Sistemas especializados y ocupaciones digitales adyacentes,Artista 3D y animación digital,3D Artist; 3D Animator,Ocupación adyacente,Inicial,10,Aporte muy indirecto,No se considera preparación suficiente para incorporarse sólo con el plan,1,0,0,0,2,10.0,100,DSO200;DSO010,Diseño de Software; Comprensión y Producción de Textos,Sólo hay transferencia limitada de comunicación e interfaz,"Modelado, anatomía, iluminación, rigging, animación y portfolio artístico","Sólo hay transferencia limitada de comunicación e interfaz. La valoración de tareas es 0/4 y la de herramientas 0/4 porque resta: Modelado, anatomía, iluminación, rigging, animación y portfolio artístico. Preparación operativa: 0/4; la práctica específica no está acreditada para este perfil.",Portfolio de piezas que demuestre calidad artística y técnica,P2;ART,https://www.onetonline.org/link/summary/27-1014.00,DSO200: 35-36; DSO010: 23-25,Baja: transferencia indirecta o especialidad no desarrollada,No estimado: faltan programas de optativa/electivo,Internacional general; elegibilidad e idioma se verifican por oferta,2026-09-13,,Marco ocupacional/técnico; sin anuncio específico asociado,DSO020;DSO030;DSO160;DSO170;DSO270,"200 h curriculares, dominio y desempeño no documentados; aporte específico condicionado",Inferencia analítica del programa; no medición de habilidad individual ni probabilidad de empleo
R236,Sistemas especializados y ocupaciones digitales adyacentes,Desarrollador de computación cuántica,Quantum Software Developer,Especialización,Inicial,10,Aporte muy indirecto,No se considera preparación suficiente para incorporarse sólo con el plan,1,0,0,0,2,10.0,100,DSO060;DSO050;DSO130,Álgebra y Estadística; Lógica Matemática; Programación Estructurada,"Álgebra, lógica y algoritmos son prerrequisitos muy parciales","Información cuántica, circuitos, algoritmos, Qiskit u otro SDK y evaluación","Álgebra, lógica y algoritmos son prerrequisitos muy parciales. La valoración de tareas es 0/4 y la de herramientas 0/4 porque resta: Información cuántica, circuitos, algoritmos, Qiskit u otro SDK y evaluación. Preparación operativa: 0/4; la práctica específica no está acreditada para este perfil.",Circuito y algoritmo educativo con interpretación correcta de resultados,P2;QUANTUM;RESEARCH,https://quantum.cloud.ibm.com/learning/en/modules/computer-science ; https://www.onetonline.org/link/summary/15-1221.00,DSO060: 32-33; DSO050: 32; DSO130: 45-46,Baja: transferencia indirecta o especialidad no desarrollada,No estimado: faltan programas de optativa/electivo,Internacional general; elegibilidad e idioma se verifican por oferta,2026-09-13,,Marco ocupacional/técnico; sin anuncio específico asociado,DSO010;DSO020;DSO030;DSO160;DSO170;DSO270,"200 h curriculares, dominio y desempeño no documentados; aporte específico condicionado",Inferencia analítica del programa; no medición de habilidad individual ni probabilidad de empleo
